codearticle;name;designation;project
EYCHC-0310-1010;CHC AGV cadre de harnais de cblage;;chic-castre
EFRGFBL2;FBL - calculateur de bord;#VALEUR!;chic-castre
EFRGODOSOFT;ODOMETRIE LOGICIEL;#VALEUR!;chic-castre
ESUNVM1-24;module d'alimentation 24VDC;#VALEUR!;chic-castre
EMEASD150B24;Convertisseur DC/DC18-36/24V 6,3A 77%eff;#VALEUR!;chic-castre
EYBE4;paneau de commande BE4;#VALEUR!;chic-castre
ETECCBM24;platine electrique CAN 24V;#VALEUR!;chic-castre
EGOTHG76341ZA;WLAN Radio modem 2,4GHz + NO contact;#VALEUR!;chic-castre
ESUNBL1;CLIGNOTANT LED;"-H04v+h;-H05v+h";chic-castre
EZAPACX10024V;amplificateur AC-x 100A/24V CAN-Bus;0;chic-castre
EZAPPM4Q7024;HF-MOS-POWER 4Q variateur 30A(70A), 24V;0;chic-castre
EZAPAC015024V;amplificateur AC-0 150A/24V CAN-Bus;0;chic-castre
ESIE3SB2203-1AC01;Bouton poussoir champ EMERG STOP rouge;0;chic-castre
ESIE3SB2404-0C;lment de commutation 1NC, 16mm,avec FS;0;chic-castre
ESIE3SB2908-0AA;Support pour 2 lments de comm. 16mm;0;chic-castre
EPUD1775731000;Porte fusible pour des fusibles lames;0;chic-castre
EPUD1575701550;Fusibles-lames 50A avec carter;0;chic-castre
E60001804A;plaque de liaison type A;0;chic-castre
E60001804B;plaque de liaison type B;0;chic-castre
EATE1632.013.000;Combi de contact. 2 x SW60 / 24VDC ED100;-K01,K02;chic-castre
EATE1632.014.000;Contacteur SW60 / 24DC ED100%;0;chic-castre
EATEC19506;Borne a Boulon D8 H13 ZP;-X0L,-X0;chic-castre
EPILPNOZX5/24VDC;Relais d'arrt d?urgence 24VDC,2S,Cat. 3;-K18,-K19;chic-castre
ESICS30B2011DA;SCANNER A LASER S300 PROFESSIONAL 2M;-B18,-B19;chic-castre
ESICSX0BA0000J;S300 Connecteur systme pour Prof.;-B18,-B19;chic-castre
EGRE-DM2-ANTENNESW;DM2-2400/500 bi-bande antenne dme;0;chic-castre
ETECCS1;Current Sensor 1 (fr TS35);#VALEUR!;chic-castre
ESUNZM5;module Zapi ZM5 (2x AC-n +PM4Q);#VALEUR!;chic-castre
ESICWL4-3P2130;Capteur rtro-rflchissant WL4-3P2130;-B26,-B27;chic-castre
ESIE3SE2200-1G;Interrupteurs de position 1NC/1NO;-S24,-S25,-S26;chic-castre
EBROLDNM14O00FLE1;RFID-LG (ShortRange) 134,2kHz, RS232;#VALEUR!;chic-castre
EBROANT-4D02-LDN;RFID 134,2kHz R-Ant. ShortRange 0,2m St.;#NOM?;chic-castre
EBROANTEX420FX3LDN;RFID 134,2kHz Extension d'anten 2m FLEX3;#NOM?;chic-castre
EBUS15600-04-20;ATC Porte fusible 4polig 150A/30A;0;chic-castre
ESUNRS422-232;convertisseur double RS422 sur RS232;#VALEUR!;chic-castre
EGOTHG84300ZA;Gyroskop;;chic-castre
EESDC131103;CAN-T-Connector DSUB-9p. 2x fem.,1xmale;;chic-castre
EBANDB205;Batterie monobloc DryBull 12V 182Ah/K5;;chic-castre
EBANPOLKLEMME+;borne de ple pour plus connexion;;chic-castre
EBANPOLKLEMME-;borne de ple pour moins connexion;;chic-castre
EXXXLANPATCH2M;Cble patch de 2m pour LAN cat.5;;chic-castre
EYCHA-0310-1010;CHA AGV cadre de harnais de cblage;;ch-ales
EBANPOLKLEMME-;borne de ple pour moins connexion;;ch-ales
EBANPOLKLEMME+;borne de ple pour plus connexion;;ch-ales
EFRGFBL2;FBL - calculateur de bord;#VALEUR!;ch-ales
EFRGODOSOFT;ODOMETRIE LOGICIEL;#VALEUR!;ch-ales
ESUNVM1-24;module d'alimentation 24VDC;#VALEUR!;ch-ales
EMEASD150B24;Convertisseur DC/DC18-36/24V 6,3A 77%eff;#VALEUR!;ch-ales
EYBE4;paneau de commande BE4;#VALEUR!;ch-ales
ETECCBM24;platine electrique CAN 24V;#VALEUR!;ch-ales
EGOTHG76341ZA;WLAN Radio modem 2,4GHz + NO contact;#VALEUR!;ch-ales
ESUNBL1;CLIGNOTANT LED;"-H04v+h;-H05v+h";ch-ales
EZAPACX10024V;amplificateur AC-x 100A/24V CAN-Bus;0;ch-ales
EZAPPM4Q7024;HF-MOS-POWER 4Q variateur 30A(70A), 24V;0;ch-ales
EZAPAC015024V;amplificateur AC-0 150A/24V CAN-Bus;0;ch-ales
ESIE3SB2203-1AC01;Bouton poussoir champ EMERG STOP rouge;0;ch-ales
ESIE3SB2404-0C;lment de commutation 1NC, 16mm,avec FS;0;ch-ales
ESIE3SB2908-0AA;Support pour 2 lments de comm. 16mm;0;ch-ales
EPUD1775731000;Porte fusible pour des fusibles lames;0;ch-ales
EPUD1575701550;Fusibles-lames 50A avec carter;0;ch-ales
E60001804A;plaque de liaison type A;0;ch-ales
E60001804B;plaque de liaison type B;0;ch-ales
EATE1632.013.000;Combi de contact. 2 x SW60 / 24VDC ED100;-K01,K02;ch-ales
EATE1632.014.000;Contacteur SW60 / 24DC ED100%;0;ch-ales
EATEC19506;Borne a Boulon D8 H13 ZP;-X0L,-X0;ch-ales
EPILPNOZX5/24VDC;Relais d'arrt d?urgence 24VDC,2S,Cat. 3;-K18,-K19;ch-ales
ESICS30B2011DA;SCANNER A LASER S300 PROFESSIONAL 2M;-B18,-B19;ch-ales
ESICSX0BA0000J;S300 Connecteur systme pour Prof.;-B18,-B19;ch-ales
EGRE-DM2-ANTENNESW;DM2-2400/500 bi-bande antenne dme;0;ch-ales
ETECCS1;Current Sensor 1 (fr TS35);#VALEUR!;ch-ales
ESUNZM5;module Zapi ZM5 (2x AC-n +PM4Q);#VALEUR!;ch-ales
ESICWL4-3P2130;Capteur rtro-rflchissant WL4-3P2130;-B26,-B27;ch-ales
ESIE3SE2200-1G;Interrupteurs de position 1NC/1NO;-S24,-S25,-S26;ch-ales
EBROLDNM14O00FLE1;RFID-LG (ShortRange) 134,2kHz, RS232;#VALEUR!;ch-ales
EBROANT-4D02-LDN;RFID 134,2kHz R-Ant. ShortRange 0,2m St.;#NOM?;ch-ales
EBROANTEX420FX3LDN;RFID 134,2kHz Extension d'anten 2m FLEX3;#NOM?;ch-ales
EBUS15600-04-20;ATC Porte fusible 4polig 150A/30A;0;ch-ales
ESUNRS422-232;convertisseur double RS422 sur RS232;#VALEUR!;ch-ales
EGOTHG84300ZA;Gyroskop;;ch-ales
EESDC131103;CAN-T-Connector DSUB-9p. 2x fem.,1xmale;;ch-ales
EBANDB205;Batterie monobloc DryBull 12V 182Ah/K5;;ch-ales
EXXXLANPATCH2M;Cble patch de 2m pour LAN cat.5;;ch-ales
EYORL-0310-1010;Cadre de harnais de cblage du FTF d'Orlans;;nho-orleans
EBANPOLKLEMME-;borne de ple pour moins connexion;;nho-orleans
EBANPOLKLEMME+;borne de ple pour plus connexion;;nho-orleans
EFRGFBL2;FBL - calculateur de bord;#VALEUR!;nho-orleans
EFRGODOSOFT;ODOMETRIE LOGICIEL;#VALEUR!;nho-orleans
EYVM1-24R02;Module d'alimentation 24VDC Rv.02;#VALEUR!;nho-orleans
EMEASD150B24;Convertisseur DC/DC18-36/24V 6,3A 77%eff;#VALEUR!;nho-orleans
EYBE4;paneau de commande BE4;#VALEUR!;nho-orleans
ETECCBM24;platine electrique CAN 24V;#VALEUR!;nho-orleans
EGOTHG76341ZA;WLAN Radio modem 2,4GHz + NO contact;#VALEUR!;nho-orleans
ESUNBL1;CLIGNOTANT LED;"-H04v+h;-H05v+h";nho-orleans
EZAPACX10024V;amplificateur AC-x 100A/24V CAN-Bus;0;nho-orleans
EZAPPM4Q7024;HF-MOS-POWER 4Q variateur 30A(70A), 24V;0;nho-orleans
EZAPAC015024V;amplificateur AC-0 150A/24V CAN-Bus;0;nho-orleans
ESIE3SB2203-1AC01;Bouton poussoir champ EMERG STOP rouge;0;nho-orleans
ESIE3SB2404-0C;lment de commutation 1NC, 16mm,avec FS;0;nho-orleans
ESIE3SB2908-0AA;Support pour 2 lments de comm. 16mm;0;nho-orleans
EPUD1775731000;Porte fusible pour des fusibles lames;0;nho-orleans
EPUD1575701550;Fusibles-lames 50A avec carter;0;nho-orleans
E60001804A;plaque de liaison type A;0;nho-orleans
E60001804B;plaque de liaison type B;0;nho-orleans
EATE1632.013.000;Combi de contact. 2 x SW60 / 24VDC ED100;-K01,K02;nho-orleans
EATE1632.014.000;Contacteur SW60 / 24DC ED100%;0;nho-orleans
EATEC19506;Borne a Boulon D8 H13 ZP;-X0L,-X0;nho-orleans
EPILPNOZX5/24VDC;Relais d'arrt d?urgence 24VDC,2S,Cat. 3;-K18,-K19;nho-orleans
ESICS30B2011DA;SCANNER A LASER S300 PROFESSIONAL 2M;-B18,-B19;nho-orleans
ESICSX0BA0000J;S300 Connecteur systme pour Prof.;-B18,-B19;nho-orleans
EGRE-DM2-ANTENNESW;DM2-2400/500 bi-bande antenne dme;0;nho-orleans
ETECCS1;Current Sensor 1 (fr TS35);#VALEUR!;nho-orleans
ESUNZM5;module Zapi ZM5 (2x AC-n +PM4Q);#VALEUR!;nho-orleans
ESICWL4-3P2130;Capteur rtro-rflchissant WL4-3P2130;-B26,-B27;nho-orleans
ESIE3SE2200-1G;Interrupteurs de position 1NC/1NO;-S24,-S25,-S26;nho-orleans
EBROLDNM14O00FLE1;RFID-LG (ShortRange) 134,2kHz, RS232;#VALEUR!;nho-orleans
EBROANT-4D02-LDN;RFID 134,2kHz R-Ant. ShortRange 0,2m St.;#NOM?;nho-orleans
EBROANTEX420FX3LDN;RFID 134,2kHz Extension d'anten 2m FLEX3;#NOM?;nho-orleans
EBUS15600-04-20;ATC Porte fusible 4polig 150A/30A;0;nho-orleans
ESUNRS422-232;convertisseur double RS422 sur RS232;#VALEUR!;nho-orleans
EGOTHG84300ZA;Gyroskop;;nho-orleans
EESDC131103;CAN-T-Connector DSUB-9p. 2x fem.,1xmale;;nho-orleans
EEXI-GF6 180V;BATTERIE DRYFIT 180AH/k5;;nho-orleans
EXXXLANPATCH2M;Cble patch de 2m pour LAN cat.5;;nho-orleans
EYCHCA-0310-1010;Cadre de harnais de cblage CHCA AGV;;ch-carcassonne
EFRGFBL2;FBL - calculateur de bord;#VALEUR!;ch-carcassonne
EYCANTA2;CAN Transienten Absorber V2;#NOM?;ch-carcassonne
EGOTHG76342ZA;WLAN modem radio 2,4/5,4GHZ + NO contact;#VALEUR!;ch-carcassonne
EYVM1-24R02;Module d'alimentation 24VDC Rv.02;#VALEUR!;ch-carcassonne
EMEASD150B24;Convertisseur DC/DC18-36/24V 6,3A 77%eff;#VALEUR!;ch-carcassonne
ESUNZM5;module Zapi ZM5 (2x AC-n +PM4Q);#VALEUR!;ch-carcassonne
EYBE4;paneau de commande BE4;#VALEUR!;ch-carcassonne
ETECCBM24;platine electrique CAN 24V;#VALEUR!;ch-carcassonne
ESICS30B2011DA;SCANNER A LASER S300 PROFESSIONAL 2M;-B18,-B19;ch-carcassonne
ESICSX0BA0000J;S300 Connecteur systme pour Prof.;-B18,-B19;ch-carcassonne
ESUNBL1;CLIGNOTANT LED;"-H04v+h;-H05v+h";ch-carcassonne
EZAPACX10024V;amplificateur AC-x 100A/24V CAN-Bus;0;ch-carcassonne
EZAPPM4Q7024;HF-MOS-POWER 4Q variateur 30A(70A), 24V;0;ch-carcassonne
EZAPAC015024V;amplificateur AC-0 150A/24V CAN-Bus;0;ch-carcassonne
ESIE3SB2203-1AC01;Bouton poussoir champ EMERG STOP rouge;0;ch-carcassonne
ESIE3SB2908-2AF;Cale jaune 50mm pour srie 16mm;;ch-carcassonne
ESIE3SB2404-0C;lment de commutation 1NC, 16mm,avec FS;0;ch-carcassonne
EPUD1775731000;Porte fusible pour des fusibles lames;0;ch-carcassonne
EPUD1575701550;Fusibles-lames 50A avec carter;0;ch-carcassonne
E60001804A;plaque de liaison type A;0;ch-carcassonne
E60001804B;plaque de liaison type B;0;ch-carcassonne
EATE1632.013.000;Combi de contact. 2 x SW60 / 24VDC ED100;-K01,K02;ch-carcassonne
EATE1632.014.000;Contacteur SW60 / 24DC ED100%;0;ch-carcassonne
EATEC19506;Borne a Boulon D8 H13 ZP;-X0L,-X0;ch-carcassonne
EPILPNOZX5/24VDC;Relais d'arrt d?urgence 24VDC,2S,Cat. 3;-K18,-K19;ch-carcassonne
EWEIEW038356;Equere final EW35;;ch-carcassonne
ESICWL4-3P2130;Capteur rtro-rflchissant WL4-3P2130;-B26,-B27;ch-carcassonne
ESIE3SE52320HK21;Interrupteurs de position 1NC/1NO  M20;-S24,-S25,-S26;ch-carcassonne
ECOR530749;ATC panneau de fusible 4 ples 150A/30A;0;ch-carcassonne
ESUNRS422-232;convertisseur double RS422 sur RS232;#VALEUR!;ch-carcassonne
EGOTHG84300ZB;gyroscope;#VALEUR!;ch-carcassonne
EEXI-GF6 180V;BATTERIE DRYFIT 180AH/k5;#VALEUR!;ch-carcassonne
EBANPOLKLEMME+;borne de ple pour plus connexion;;ch-carcassonne
EBANPOLKLEMME-;borne de ple pour moins connexion;;ch-carcassonne
EXXXLANPATCH2MUNGE;1m cble LAN Cat5;WX34;ch-carcassonne
EYBATMONV3.0;Moniteur de batterie 24V 200A;#VALEUR!;ch-carcassonne
ECOR189081;Platine-Surface-Capteur de temprature;-A9a,-A9b;ch-carcassonne
EEAZISOLIERSOCKEL;Base isolante pour le shunt 2810;#NOM?;ch-carcassonne
EEAZSHUNT200/60/A;Shunt de mesure 200A/60mV;;ch-carcassonne
EBROTLS-KIT-0030;RFID HOSPITAL AGV KIT;-A25,-A25a;ch-carcassonne
EGRE-DM2-ANTENNESW;DM2-2400/500 bi-bande antenne dme;#NOM?;ch-carcassonne
ECOR734131-62;ADAPTER SMA REV. ST AUF SMA REV. BU;;ch-carcassonne
EAND110G19;GOUPILLE DE RETENUE COURTE 75..180A;;ch-carcassonne
EYKAB60156404MP040;Harnais Cadre MP040 CHG;;ch-gonesse
EYMBOXGO-24V;Embedded Computer;#NOM?;ch-gonesse
ESYLMBOX;Embedded Computer;0;ch-gonesse
EMRSMBOXIO-HM;Embedded Computer;0;ch-gonesse
EYBATMONV3.0;Moniteur de batterie 24V 200A;0;ch-gonesse
EEAZSHUNT200/60/A;Shunt de mesure 200A/60mV;0;ch-gonesse
EATEC19506;Borne a Boulon D8 H13 ZP;0;ch-gonesse
EATE1632.014.000;Contacteur SW60 / 24DC ED100%;0;ch-gonesse
EATE1632.012.000;combinaison de contacteurs 2xSW80/24VDC;-QA01,-QA02;ch-gonesse
ESICFX3CPU130002;Module principal FX3-CPU1 2xEFI;0;ch-gonesse
ESICFX3MPL000001;Connecteur systme - Memory Plug FX3-MPL;0;ch-gonesse
ESICFX0-GCAN;Passerelle CANopen module GCAN;0;ch-gonesse
ESICUE410-2RO;Module de Sortie avec Relais pour FX;0;ch-gonesse
EMEASD150B24;Convertisseur DC/DC18-36/24V 6,3A 77%eff;0;ch-gonesse
EGOTHG84300ZB;gyroscope;0;ch-gonesse
EGOTHG76342ZA;WLAN modem radio 2,4/5,4GHZ + NO contact;0;ch-gonesse
EGRE-DM2-ANTENNESW;DM2-2400/500 bi-bande antenne dme;0;ch-gonesse
ESICFX3XTIO84002;modules d'extension d'entre/sortie FX3;-KF02,-KF03,;ch-gonesse
ECOR530749;ATC panneau de fusible 4 ples 150A/30A;-FC03,-FC04,-FC05,-F;ch-gonesse
ESICS30B2011DA;SCANNER A LASER S300 PROFESSIONAL 2M;-BG10,-BG11;ch-gonesse
ESICSX0BA0000J;S300 Connecteur systme pour Prof.;;ch-gonesse
EKLMQ25PV;Arrt d'urgence,  accrochage 16mm;0;ch-gonesse
EKLME01;lment de contact 1 NC;;ch-gonesse
EKLMVS;Anneau de blocage en rotation RMQ16;;ch-gonesse
EATEC19510;Porte fusible pour des fusibles lames;-FC01,-FC02,-FC07;ch-gonesse
EPUD1575701550;Fusibles-lames 50A avec carter;;ch-gonesse
EYSDA4;9-ples Sub-D quadruple distributeur PCB;-AB02,-AB07,-AB08;ch-gonesse
EEXI-GF6 180V;BATTERIE DRYFIT 180AH/k5;-GB01,-GB02,-GB03,-G;ch-gonesse
ECOR189081;Platine-Surface-Capteur de temprature;-BT03,-BT04;ch-gonesse
EZAPPM4Q7024;HF-MOS-POWER 4Q variateur 30A(70A), 24V;;ch-gonesse
EBANPOLKLEMME+;borne de ple pour plus connexion;;ch-gonesse
EBANPOLKLEMME-;borne de ple pour moins connexion;;ch-gonesse
EXXXLANPATCH3MUNGE;1m cble LAN Cat5;;ch-gonesse
EBROTLS-KIT-0030;RFID HOSPITAL AGV KIT;;ch-gonesse
EPHO2966472;Interface PLC 24VDC/250VUC-6A 1Inv.;;ch-gonesse
EZAPBLX13024VCAN;amplificateur BL-X 130A/24V CAN-Bus;;ch-gonesse
EATE1004868;CFI1 CAN Module d'antiparasite V2;;ch-gonesse
EKUCCRC02/UC24V;souffleur d'tincelles 24V CRC02;;ch-gonesse
EPHO2833589;Prises de relais PR2-BSP3/4x21;;ch-gonesse
EPHO2834096;Relais enfichable REL-IR/LDP-24VDC/4X21 AU;;ch-gonesse
EPHO2833592;trier de fixation de relais EL2-P35;;ch-gonesse
EWEIKLB_3-8SC;triers de serrage, KLB3-8/SC;;ch-gonesse
EWEIEW038356;Equere final EW35;;ch-gonesse
EWEIZDU2.5;Bloc de jonction ZDU2.5;;ch-gonesse
EWEIZAP/TW1;plaque de separation ZAP/TW1 2mm;;ch-gonesse
ESUNRS422-232;convertisseur double RS422 sur RS232;0;ch-gonesse
EYCANTA2;CAN Transienten Absorber V2;0;ch-gonesse
ELOGAU0002E;USB/RS232 convertisseur;0;ch-gonesse
EGSE1N4007;MiniDiode 1A/1000V;0;ch-gonesse
EPHO2901476;Relais_temporise 24VDC/250VUC-6A 2W;0;ch-gonesse
ESCH12416931112;poussoir l'preuve du vandalisme inox;-SF02, -SF03;ch-gonesse
EIXX104007501000;CAN Termination 120R Sub-D9 douille;-R1, -R2;ch-gonesse
EYCHM-0310-1010;CHM AGV cadre de harnais de cblage;;ch-metz
EFRGFBL2;FBL - calculateur de bord;#VALEUR!;ch-metz
EFRGODOSOFT;ODOMETRIE LOGICIEL;#VALEUR!;ch-metz
EYCANTA1;CAN Transienten Absorber;#NOM?;ch-metz
EGOTHG76341ZA;WLAN Radio modem 2,4GHz + NO contact;#VALEUR!;ch-metz
EYVM1-24R02;Module d'alimentation 24VDC Rv.02;#VALEUR!;ch-metz
EMEASD150B24;Convertisseur DC/DC18-36/24V 6,3A 77%eff;#VALEUR!;ch-metz
ESUNZM5;module Zapi ZM5 (2x AC-n +PM4Q);#VALEUR!;ch-metz
EYBE4;paneau de commande BE4;#VALEUR!;ch-metz
ETECCBM24;platine electrique CAN 24V;#VALEUR!;ch-metz
ESICS30B2011DA;SCANNER A LASER S300 PROFESSIONAL 2M;-B18,-B19;ch-metz
ESICSX0BA0000J;S300 Connecteur systme pour Prof.;-B18,-B19;ch-metz
ESUNBL1;CLIGNOTANT LED;"-H04v+h;-H05v+h";ch-metz
EZAPACX10024V;amplificateur AC-x 100A/24V CAN-Bus;0;ch-metz
EZAPPM4Q7024;HF-MOS-POWER 4Q variateur 30A(70A), 24V;0;ch-metz
EZAPAC015024V;amplificateur AC-0 150A/24V CAN-Bus;0;ch-metz
ESIE3SB2203-1AC01;Bouton poussoir champ EMERG STOP rouge;0;ch-metz
ESIE3SB2404-0C;lment de commutation 1NC, 16mm,avec FS;0;ch-metz
ESIE3SB2908-0AA;Support pour 2 lments de comm. 16mm;0;ch-metz
EPUD1775731000;Porte fusible pour des fusibles lames;0;ch-metz
EPUD1575701550;Fusibles-lames 50A avec carter;0;ch-metz
E60001804A;plaque de liaison type A;0;ch-metz
E60001804B;plaque de liaison type B;0;ch-metz
EATE1632.013.000;Combi de contact. 2 x SW60 / 24VDC ED100;-K01,K02;ch-metz
EATE1632.014.000;Contacteur SW60 / 24DC ED100%;0;ch-metz
EATEC19506;Borne a Boulon D8 H13 ZP;-X0L,-X0;ch-metz
EPILPNOZX5/24VDC;Relais d'arrt d?urgence 24VDC,2S,Cat. 3;-K18,-K19;ch-metz
ESICWL4-3P2130;Capteur rtro-rflchissant WL4-3P2130;-B26,-B27;ch-metz
ESIE3SE2200-1G;Interrupteurs de position 1NC/1NO;-S24,-S25,-S26;ch-metz
EBUS15600-04-20;ATC Porte fusible 4polig 150A/30A;0;ch-metz
ESUNRS422-232;convertisseur double RS422 sur RS232;#VALEUR!;ch-metz
EGOTHG84300ZB;gyroscope;;ch-metz
EEXI-GF6 180V;BATTERIE DRYFIT 180AH/k5;;ch-metz
EBANPOLKLEMME+;borne de ple pour plus connexion;;ch-metz
EBANPOLKLEMME-;borne de ple pour moins connexion;;ch-metz
EXXXLANPATCH2M;Cble patch de 2m pour LAN cat.5;;ch-metz
EYBATMONV3.0;Moniteur de batterie 24V 200A;;ch-metz
EEAZISOLIERSOCKEL;Base isolante pour le shunt 2810;;ch-metz
EEAZSHUNT200/60/A;Shunt de mesure 200A/60mV;;ch-metz
EBROTLS-KIT-0030;KIT AGV DE L'H?PITAL RFID;;ch-metz
EGRE-DM2-ANTENNESW;DM2-2400/500 bi-bande antenne dme;#NOM?;ch-metz
EY60025304;KH AGV ensemble de cble;;hia-st-anne
EY60025305;KH AGV fils lectriques;;hia-st-anne
EFRGODOSOFT;ODOMETRIE LOGICIEL;software;hia-st-anne
EFRGFBL;FBL - calculateur de bord;#VALEUR!;hia-st-anne
EFRGGYROMKII;FrogGyro Solid State MKII;#VALEUR!;hia-st-anne
EFRGFRCUR601;capteur de courant FROG 601 (pour TS35);#VALEUR!;hia-st-anne
EARTCCPCBH2STD;carte radio PCMCIA;#VALEUR!;hia-st-anne
ESUNVM1-24;module d'alimentation 24VDC;#VALEUR!;hia-st-anne
EMEASD150B24;Convertisseur DC/DC18-36/24V 6,3A 77%eff;#VALEUR!;hia-st-anne
ETECZM1;Zapi interface ZM1 3xAC;#VALEUR!;hia-st-anne
EYBE2;panneau de commande BE2;#VALEUR!;hia-st-anne
EMONCANTERMINAL;AGV terminal / interface CAN;#VALEUR!;hia-st-anne
ETECCBM24;platine electrique CAN 24V;#VALEUR!;hia-st-anne
EYZM2;ZM2 ZAPI interface PM4Q;#VALEUR!;hia-st-anne
EYBE3;panneau de commande BE3;#VALEUR!;hia-st-anne
ENED9883320;RFID LECTEUR GIII-C RS232;#VALEUR!;hia-st-anne
ENED9837329;RFID ANTENNE 170x85x20;#NOM?;hia-st-anne
EGRE-DM2-ANTENNE;DM2-2400/500 Antenne champignon 2 voies;#VALEUR!;hia-st-anne
ERSC405-837;contact mle TNC non-isol 50 ohm;;hia-st-anne
ELEURS4-4;Rotoscan 4 scanner  laser;#VALEUR!;hia-st-anne
EBALBOS12MPO1QAS4C;Capteur photoelectrique M12x1 NC;#VALEUR!;hia-st-anne
EPUD1775731000;Porte fusible pour des fusibles lames;0;hia-st-anne
EPUD1925710000;plaque de separation;0;hia-st-anne
E60001804A;plaque de liaison type A;0;hia-st-anne
E60001804B;plaque de liaison type B;0;hia-st-anne
EPUD1575701580;Fusibles-lames 80A avec carter;0;hia-st-anne
EPUD1575701550;Fusibles-lames 50A avec carter;0;hia-st-anne
EPUD1575701535;Fusibles-lames 35A avec carter;0;hia-st-anne
ESSCGF12105V;GF-V batterie  plomb 12V  105Ah/c5;0;hia-st-anne
EHEL2PS007943011;LED jaune 24V;-H4V,H4H,H5V,H5H;hia-st-anne
EATE1632.012.000;combinaison de contacteurs 2xSW80/24VDC;0;hia-st-anne
EATE1632.008.000;Contacteur SW80/24DC FM100% 1G/1O;0;hia-st-anne
EPILPNOZX5/24VDC;Relais d'arrt d?urgence 24VDC,2S,Cat. 3;0;hia-st-anne
ERITSZ2365000;profil de montage;0;hia-st-anne
EPHO2967604;Interface PLC 24VDC/250VUC-6A 1NO;-K08,-K09;hia-st-anne
EPHO2966472;Interface PLC 24VDC/250VUC-6A 1Inv.;#VALEUR!;hia-st-anne
EPHO2966841;plaque de separation PLC-ATP;#VALEUR!;hia-st-anne
EPHO2966786;plaque de connection PLC relais;#VALEUR!;hia-st-anne
EWEIEW038356;Equere final EW35;#VALEUR!;hia-st-anne
EZAPACX10024V;amplificateur AC-x 100A/24V CAN-Bus;0;hia-st-anne
EZAPPM4Q7024;HF-MOS-POWER 4Q variateur 30A(70A), 24V;0;hia-st-anne
ESIE3SE2200-1G;Interrupteurs de position 1NC/1NO;0;hia-st-anne
ESIE3SY3127;prise 4-poles M12;0;hia-st-anne
EWEIWF8;boulon de raccordement WF8;#NOM?;hia-st-anne
EWEIZDU2.5;Bloc de jonction ZDU2.5;0;hia-st-anne
EWEIZAP/TW1;plaque de separation ZAP/TW1 2mm;0;hia-st-anne
EWEIEW038356;Equere final EW35;0;hia-st-anne
EARTORIADAPTER27;Cble adaptateur pr antenne 270mm;WX34;hia-st-anne
ESYLMBOX;Embedded Computer;0;ch-troyes
EGOTHG76342ZA;WLAN modem radio 2,4/5,4GHZ + NO contact;0;ch-troyes
EMRSMBOXIO;Embedded Computer;0;ch-troyes
EYMBOXGO-24V;Embedded Computer;;ch-troyes
EMEASD150B24;Convertisseur DC/DC18-36/24V 6,3A 77%eff;0;ch-troyes
ESICFX3CPU130002;Module principal FX3-CPU1 2xEFI;0;ch-troyes
ESICFX3MPL000001;Connecteur systme - Memory Plug FX3-MPL;;ch-troyes
ESICFX0-GCAN;Passerelle CANopen module GCAN;0;ch-troyes
ESICFX3XTIO84002;modules d'extension d'entre/sortie FX3;-4;ch-troyes
ESICUE410-4RO;module de sortie des relais pour FX;0;ch-troyes
EJOK121014000;LED jaune 24V;-EA05,-EA06;ch-troyes
ESIE3SB3000-1HA20;Bouton d'arrt d'urgence 40mm, rouge;-SF01,-SF02;ch-troyes
ESIE3SB3400-0M;lment de commutation 1NC contrl 3SB3;;ch-troyes
EXXXLANPATCH2M;Cble patch de 2m pour LAN cat.5;;ch-troyes
EGRE-DM2-ANTENNESW;DM2-2400/500 bi-bande antenne dme;0;ch-troyes
ECOR734131-62;ADAPTER SMA REV. ST AUF SMA REV. BU;;ch-troyes
EPAP8414NGH;ventilateur 8414 24VDC 58m?/h;0;ch-troyes
ERSC229-5935;CONTACT BILAME >35C / <20C;0;ch-troyes
EPAPPMFA80T;ventilateur 8414 24VDC 58m?/h;;ch-troyes
EWEIKLB4-13.5/SC;Etrier de montage pour cran, KLB4-13,5;;ch-troyes
EYDSA_MHI_F03_V01;Unit de contrle DSA_MHI_F03_V01;;ch-troyes
ESIE3SB3001-2FA41;"Commutateur  bascule ""I-0-II"" vert illu";0;ch-troyes
ESIE3SB3403-0B;lment de commutation 1NO 3SB3;;ch-troyes
ESIE3SB3403-0C;lment de commutation 1NF 3SB3;;ch-troyes
ESIE3SB3400-1PC;Douille de lampe avec LED intg 24V vert;0;ch-troyes
ERSC210-967;LED VERTE, 24V, 5MM, CHROMEE;;ch-troyes
ESOTSC235AF2;BUZZER 2..35VDC 2,5kHz 73dB, F2 FAST-ON;0;ch-troyes
ESIE3SB3400-0M;lment de commutation 1NC contrl 3SB3;0;ch-troyes
ESIE3SB3000-1HA20;Bouton d'arrt d'urgence 40mm, rouge;0;ch-troyes
ESIE3SB3403-0B;lment de commutation 1NO 3SB3;;ch-troyes
ESIE3SB3403-0C;lment de commutation 1NF 3SB3;;ch-troyes
ESIE3SB3001-0AA71;bouton-poussoir lumineux_plat_clear;-SF52, -SF56;ch-troyes
ESIE3SB3403-0B;lment de commutation 1NO 3SB3;;ch-troyes
ESIE3SB3202-2KA11;Interrupteur  bascule, 2 pos., complet;0;ch-troyes
EMOL39012041;logement de broche 4-ple crois;0;ch-troyes
EMOL39012161;logement masculin 16 ples;0;ch-troyes
EMOL39012061;logement de broche 6-ple crois;0;ch-troyes
EMOL39000041;CONTACT A SERTISSAGE BROCHE  1-0,25MM2;;ch-troyes
ELEMEGG2B310CLL;Connecteur 10 ple Srie 2B;0;ch-troyes
RS184-MHI-F03-1000;Assemblage de l'unit de contrle MHI_F03;;ch-troyes
RS184-MHI-F03-1010;Plaque de base;;ch-troyes
RS184-MHI-F03-1020;Plaque de connecteur;;ch-troyes
RS184-MHI-F03-1030;Angle de prise;;ch-troyes
RS184-MHI-F03-1040;Film;;ch-troyes
ESIE3SB3400-1PB;Douille de lampe avec LED int 24V rouge;0;ch-troyes
ESIE3SB3400-1PE;Douille de lampe avec LED int 24V blanc;0;ch-troyes
ELEMBRR2S200PZSG;couvercle  charnir p. ERA/ERN/EG BF 2S;0;ch-troyes
ESIE3SB3000-2LA11;"Interrupteur  bascule ""0-1"" momen noir";0;ch-troyes
EKUCCRC02/UC24V;souffleur d'tincelles 24V CRC02;;ch-troyes
EYSDA4;9-ples Sub-D quadruple distributeur PCB;;ch-troyes
EPHO2966472;Interface PLC 24VDC/250VUC-6A 1Inv.;;ch-troyes
ESUNRS422-232;convertisseur double RS422 sur RS232;;ch-troyes
EATE1004868;CFI1 CAN Module d'antiparasite V2;;ch-troyes
EYCHT-0310-1010;CHT AGV cadre de harnais de cblage;;chu-toulouse
EFRGFBL2;FBL - calculateur de bord;#VALEUR!;chu-toulouse
EYCANTA2;CAN Transienten Absorber V2;#NOM?;chu-toulouse
EGOTHG76342ZA;WLAN modem radio 2,4/5,4GHZ + NO contact;#VALEUR!;chu-toulouse
EYVM1-24R02;Module d'alimentation 24VDC Rv.02;#VALEUR!;chu-toulouse
EMEASD150B24;Convertisseur DC/DC18-36/24V 6,3A 77%eff;#VALEUR!;chu-toulouse
ESUNZM5;module Zapi ZM5 (2x AC-n +PM4Q);#VALEUR!;chu-toulouse
EYBE4;paneau de commande BE4;#VALEUR!;chu-toulouse
ETECCBM24;platine electrique CAN 24V;#VALEUR!;chu-toulouse
ESICS30B2011DA;SCANNER A LASER S300 PROFESSIONAL 2M;-B18,-B19;chu-toulouse
ESICSX0BA0000J;S300 Connecteur systme pour Prof.;-B18,-B19;chu-toulouse
ESUNBL1;CLIGNOTANT LED;"-H04v+h;-H05v+h";chu-toulouse
EZAPACX10024V;amplificateur AC-x 100A/24V CAN-Bus;0;chu-toulouse
EZAPPM4Q7024;HF-MOS-POWER 4Q variateur 30A(70A), 24V;0;chu-toulouse
EZAPAC015024V;amplificateur AC-0 150A/24V CAN-Bus;0;chu-toulouse
ESIE3SB2203-1AC01;Bouton poussoir champ EMERG STOP rouge;0;chu-toulouse
ESIE3SB2908-2AF;Cale jaune 50mm pour srie 16mm;;chu-toulouse
ESIE3SB2404-0C;lment de commutation 1NC, 16mm,avec FS;0;chu-toulouse
EPUD1775731000;Porte fusible pour des fusibles lames;0;chu-toulouse
EPUD1575701550;Fusibles-lames 50A avec carter;0;chu-toulouse
E60001804A;plaque de liaison type A;0;chu-toulouse
E60001804B;plaque de liaison type B;0;chu-toulouse
EATE1632.013.000;Combi de contact. 2 x SW60 / 24VDC ED100;-K01,K02;chu-toulouse
EATE1632.014.000;Contacteur SW60 / 24DC ED100%;0;chu-toulouse
EATEC19506;Borne a Boulon D8 H13 ZP;-X0L,-X0;chu-toulouse
EPILPNOZX5/24VDC;Relais d'arrt d?urgence 24VDC,2S,Cat. 3;-K18,-K19;chu-toulouse
EWEIEW038356;Equere final EW35;;chu-toulouse
ESICWL4-3P2130;Capteur rtro-rflchissant WL4-3P2130;-B26,-B27;chu-toulouse
ESIE3SE52320HK21;Interrupteurs de position 1NC/1NO  M20;-S24,-S25,-S26;chu-toulouse
ECOR530749;ATC panneau de fusible 4 ples 150A/30A;0;chu-toulouse
ESUNRS422-232;convertisseur double RS422 sur RS232;#VALEUR!;chu-toulouse
EGOTHG84300ZB;gyroscope;#VALEUR!;chu-toulouse
EEXI-GF6 180V;BATTERIE DRYFIT 180AH/k5;#VALEUR!;chu-toulouse
EBANPOLKLEMME+;borne de ple pour plus connexion;;chu-toulouse
EBANPOLKLEMME-;borne de ple pour moins connexion;;chu-toulouse
EXXXLANPATCH2MUNGE;1m cble LAN Cat5;WX34;chu-toulouse
EYBATMONV3.0;Moniteur de batterie 24V 200A;#VALEUR!;chu-toulouse
ECOR189081;Platine-Surface-Capteur de temprature;-A9a,-A9b;chu-toulouse
EEAZISOLIERSOCKEL;Base isolante pour le shunt 2810;#NOM?;chu-toulouse
EEAZSHUNT200/60/A;Shunt de mesure 200A/60mV;;chu-toulouse
EBROTLS-KIT-0030;KIT AGV DE L'H?PITAL RFID;-A25,-A25a;chu-toulouse
EGRE-DM2-ANTENNESW;DM2-2400/500 bi-bande antenne dme;#NOM?;chu-toulouse
ECOR734131-62;ADAPTER SMA REV. ST AUF SMA REV. BU;;chu-toulouse
EAND110G19;GOUPILLE DE RETENUE COURTE 75..180A;;chu-toulouse
EYKAB60355104MP040;Harnais Cadre MP040 HUS;;hus-strasbourg
EYMBOXGO-24V01;Embedded Computer;#NOM?;hus-strasbourg
ESYLMBOX2/32GB;MBOX - ONBOARD COMPUTER, E680T;0;hus-strasbourg
EMRSMBOXIO-HM;Embedded Computer;0;hus-strasbourg
EYBATMONV3.0;Moniteur de batterie 24V 200A;0;hus-strasbourg
EEAZSHUNT200/60/A;Shunt de mesure 200A/60mV;0;hus-strasbourg
EATEC19506;Borne a Boulon D8 H13 ZP;0;hus-strasbourg
EATE1632.008.000;Contacteur SW80/24DC FM100% 1G/1O;0;hus-strasbourg
EATE1632.012.000;combinaison de contacteurs 2xSW80/24VDC;-QA01,-QA02;hus-strasbourg
ESICFX3CPU230000;module principal FX3-CPU2 2xEFI;0;hus-strasbourg
ESICFX3MPL100001;Memory Plug FX3-MPL;0;hus-strasbourg
ESICFX0-GCAN;Passerelle CANopen module GCAN;0;hus-strasbourg
ESICUE410-2RO;Module de Sortie avec Relais pour FX;0;hus-strasbourg
EMEASD150B24;Convertisseur DC/DC18-36/24V 6,3A 77%eff;0;hus-strasbourg
EGOTHG84300ZB;gyroscope;0;hus-strasbourg
EGOTHG76343ZA;module radio WIFI 2,4GHZ+contact  ferme;0;hus-strasbourg
EGRE500510S03;DM2-2400/500 bi-bande antenne dme;0;hus-strasbourg
ESICFX3XTIO84002;modules d'extension d'entre/sortie FX3;-KF02,-KF03,;hus-strasbourg
EBUS15600-04-20;ATC Porte fusible 4polig 150A/30A;0;hus-strasbourg
ESICS30B2011DA;SCANNER A LASER S300 PROFESSIONAL 2M;-BG10,-BG11;hus-strasbourg
ESICSX0BA0000J;S300 Connecteur systme pour Prof.;;hus-strasbourg
EKLMQ25PV;Arrt d'urgence,  accrochage 16mm;0;hus-strasbourg
EKLME01;lment de contact 1 NC;;hus-strasbourg
EKLMVS;Anneau de blocage en rotation RMQ16;;hus-strasbourg
EATEC19510;Porte fusible pour des fusibles lames;-FC01,-FC02,-FC07;hus-strasbourg
EPUD1575701550;Fusibles-lames 50A avec carter;;hus-strasbourg
EYSDA4;9-ples Sub-D quadruple distributeur PCB;0;hus-strasbourg
EEXI-GF6 180V;BATTERIE DRYFIT 180AH/k5;-GB01,-GB02,-GB03,-G;hus-strasbourg
ECOR189081;Platine-Surface-Capteur de temprature;-BT03,-BT04;hus-strasbourg
EZAPPM4Q7024;HF-MOS-POWER 4Q variateur 30A(70A), 24V;0;hus-strasbourg
EXXXLANPATCH3MUNGE;1m cble LAN Cat5;;hus-strasbourg
EGISTSR64RS232EA;RFID HOSPITAL AGV KIT;0;hus-strasbourg
EPHO2966472;Interface PLC 24VDC/250VUC-6A 1Inv.;;hus-strasbourg
EZAPBLEX16524VCAN;amplificateur BL-X 130A/24V CAN-Bus;;hus-strasbourg
EKUCCRC02/UC24V;souffleur d'tincelles 24V CRC02;-RA10, -RA11;hus-strasbourg
EWEIKLB_3-8SC;triers de serrage, KLB3-8/SC;;hus-strasbourg
EWEIEW038356;Equere final EW35;;hus-strasbourg
EWEIZDU2.5;Bloc de jonction ZDU2.5;;hus-strasbourg
EWEIZAP/TW1;plaque de separation ZAP/TW1 2mm;;hus-strasbourg
ESUNRS422-232;convertisseur double RS422 sur RS232;0;hus-strasbourg
EYCANTA2;CAN Transienten Absorber V2;0;hus-strasbourg
ELOGAU0002E;USB/RS232 convertisseur;0;hus-strasbourg
EGSE1N4007;MiniDiode 1A/1000V;0;hus-strasbourg
EPHO2901476;Relais_temporise 24VDC/250VUC-6A 2W;0;hus-strasbourg
ESCH12416931112;poussoir l'preuve du vandalisme inox;-SF02, -SF03;hus-strasbourg
EIXX104007501000;CAN Termination 120R Sub-D9 douille;-R1, -R2;hus-strasbourg
EGISTS-A70R-K2000;RFID HOSPITAL AGV KIT;0;hus-strasbourg
ESICFX3MOC00000;Motion-Control-Modul FX3-MOC0;0;hus-strasbourg
EYZM2BLEX;ZM2BLEX Zapi-Modul (2x BLEx od. 2x ACEx);;hus-strasbourg
EWEIZDU2.5/4AN;Bornier  ressort ZDU2.5/4AN, 4 ex. 2,5m;;hus-strasbourg
ESIC2077263;cable for MOC0 - 2m;;hus-strasbourg
EPHO2901477;Relais_temporise 24VDC 3-300s 1W;0;hus-strasbourg
EWEIZQV2.5/2;Connexion transversale 2 ex. 2,5 mm;;hus-strasbourg
ESIE3SU1-HALTER-PL;SUPPORT SIRIUS ACT PLASTIQUE;-SF01,-SF02;chc-montlegia
EBANPOLKLEMME+;borne de ple pour plus connexion;#NOM?;chc-montlegia
EBANPOLKLEMME-;borne de ple pour moins connexion;#NOM?;chc-montlegia
EBAN0450000512;COUVERTURE DE POLE GAUCHE +;#NOM?;chc-montlegia
EBAN0450000412;COUVERTURE DE POLE DROITE -;#NOM?;chc-montlegia
EEXI-GF6 180V;BATTERIE DRYFIT 180AH/k5;#NOM?;chc-montlegia
EGRE500510S03;DM2-2400/500 bi-bande antenne dme;-TF10,-TF11;chc-montlegia
EYDSA_MHI_F03_V02;Unit de commande  DSA_MHI_F03_V02;0;chc-montlegia
ESIE3SU1002-2BN40;COMMUTATEUR A BLOCAG ROTATIF SA 3 POS.GN;0;chc-montlegia
ESIE3SU1400-1AA103;MODUL DE CONTACT 1O SIRIUS ACT 3SU1, FZ;0;chc-montlegia
ESIE3SU1400-3BA0;MODUL DE CONTACT 1S SIRIUS ACT 3SU1,FZ;0;chc-montlegia
ESIE3SU1401-1BB40;MODUL LED AVEC LED INTEGREE 24V VERT, FZ;0;chc-montlegia
ESIE3SU15000AA100A;SUPPORT POUR 3 MODULES;0;chc-montlegia
ERSC210-967;LED VERTE, 24V, 5MM, CHROMEE;0;chc-montlegia
ESOTSC235AF2;BUZZER 2..35VDC 2,5kHz 73dB, F2 FAST-ON;0;chc-montlegia
ESIE3SU1000-1HB20;BOUTON ARRET D'URGENCE SIRIUS ACT 40mm P;0;chc-montlegia
ESIE3SU1-1NC-F-SAF;CONTACT SIRIUS ACT 1NC SECURITE RESSORT;0;chc-montlegia
ESIE3SU15000AA100A;SUPPORT POUR 3 MODULES;0;chc-montlegia
ESIE3SU1001-0AB60;BOUTON POUSSOIR LUMINEUX BLANC;0;chc-montlegia
ESIE3SU1401-1BB60;MODUL LED AVEC LED INTEGREE 24V WH, FZ;0;chc-montlegia
ESIE3SU1001-0AB20;BOUTON POUSSOIR LUMINEUX PLAT SW - PLAST;0;chc-montlegia
ESIE3SU1401-1BB20;MODUL LED AVEC LED INTEGREE 24V ROUGE,FZ;0;chc-montlegia
ESIE3SU1400-3BA0;MODUL DE CONTACT 1S SIRIUS ACT 3SU1,FZ;-SF52, -SF56;chc-montlegia
ESIE3SU15000AA100A;SUPPORT POUR 3 MODULES;-SF52, -SF56;chc-montlegia
ESIE3SU1002-2BF10;BOUTON A BLOCAGE ROTATIF 2POS.SA2 LUM BK;0;chc-montlegia
ESIE3SU1002-2BC10;BOUTON A BLOCAGE ROTATIF 2POS.SA2 LUM BK;0;chc-montlegia
ESIE3SU1400-3BA0;MODUL DE CONTACT 1S SIRIUS ACT 3SU1,FZ;-SF53,-SF57;chc-montlegia
ESIE3SU1400-1AA103;MODUL DE CONTACT 1O SIRIUS ACT 3SU1, FZ;-SF53,-SF57;chc-montlegia
ESIE3SU15000AA100A;SUPPORT POUR 3 MODULES;-SF53,-SF57;chc-montlegia
EMOL39012041;logement de broche 4-ple crois;-XG101,-XG201;chc-montlegia
EMOL39012161;logement masculin 16 ples;0;chc-montlegia
EMOL39012081;logement masculin 8 ples;0;chc-montlegia
EMOL39012061;logement de broche 6-ple crois;0;chc-montlegia
EMOL39000041;CONTACT A SERTISSAGE BROCHE  1-0,25MM2;;chc-montlegia
ELEMEGG2B310CLL;Connecteur 10 ple Srie 2B;0;chc-montlegia
ELEMBRR2S200PZVG;couvercle  charnir p. ERA/ERN/EG BF 2S;;chc-montlegia
RS184-MHI-F03-1001;ENSEMBLE UNITE DE CONTROL MHI_F03_V02;;chc-montlegia
RS184-MHI-F03-1011;PLAQUE DE BASE;;chc-montlegia
RS184-MHI-F03-1021;PLAQUE A CONNECTEUR;;chc-montlegia
RS184-MHI-F03-1031;ANGLE DE CONNECTEUR;;chc-montlegia
RS184-MHI-F03-1041;FILM;;chc-montlegia
ND7991M4X10VZ8.8;@N Vis DIN7991 M4 x 10 8.8 VZ;;chc-montlegia
NI7380M4X12A2;VIS ISO7380 M4 x 12 A2 INOX;;chc-montlegia
ESICS30B3011GB;S300 EXPERT, 16xFS (R=3m), 270;-BG01,-BG03;chc-montlegia
ESICSX0BA0000J;S300 Connecteur systme pour Prof.;-BG01,-BG03;chc-montlegia
ESIC2034324;fixation 1a pour scanner  laser S300;-BG01,-BG03;chc-montlegia
ESIC2039302;fixation 2 pour scanner  laser S300;-BG01,-BG03;chc-montlegia
ESIE3SU1000-1HB20;BOUTON ARRET D'URGENCE SIRIUS ACT 40mm P;-SF01,-SF02;chc-montlegia
ESIE3SU1-1NC-F-SAF;CONTACT SIRIUS ACT 1NC SECURITE RESSORT;-SF01,-SF02;chc-montlegia
ESIE3SU1-1NO-F;MODUL DE CONTACT SIRIUS ACT 1NO;-SF01,-SF02;chc-montlegia
EJOK121014000;LED jaune 24V;#NOM?;chc-montlegia
ESICNAV350-3232;NAV350 Laser Positioning Syst. Mid-Range;0;chc-montlegia
ESIE3SU1900-0BA310;plaque arrt d'urgence, autocollante;-SF01,-SF02;chc-montlegia
EATE1004868;CFI1 CAN Module d'antiparasite V2;#NOM?;michelin-roanne
EATE251-24-SD;convertis. DC/DC IN:12...36V OUT:24V 11A;0;michelin-roanne
EBUS15600-04-21;panel de fusible ATC 4ples 150A/30A GND;-UA01,-UA03;michelin-roanne
EBUS15600-10-21;panel de fusible ATC 10ples150A/30A GND;0;michelin-roanne
EYBLM48V00;module d'extenction d'tincelle 48V V00;-RA11, RA13...-RA16;michelin-roanne
ESYLMBOX2/32GB;MBOX - ONBOARD COMPUTER, E680T;0;michelin-roanne
EYMBOXGO-24V01;Embedded Computer;0;michelin-roanne
EMRSMBOXIO;Embedded Computer;0;michelin-roanne
ESUNRS422-232;convertisseur double RS422 sur RS232;0;michelin-roanne
EEAT279135;rail conducteur DC 2ples C3A, 10kA;#NOM?;michelin-roanne
EGOTHG84300ZB;gyroscope;0;michelin-roanne
EPAP8414NGH;ventilateur 8414 24VDC 58m?/h;-MA20,-MA21;michelin-roanne
EPAPPMFA80T;ventilateur 8414 24VDC 58m?/h;-MA20,-MA21;michelin-roanne
EPUD1667000520;@fusible 20A, jaune, 80V, FKS, ATO;0;michelin-roanne
EPUD1667000440;fusible 4A, rose, 32V, FKS, ATO;0;michelin-roanne
EPUD1626185420;fusible 2A, gris, 32V, FKS, ATO;0;michelin-roanne
EPUD14261854102;@fusible 1A, noir, 58V, FKS, ATO;0;michelin-roanne
EPUD1626185420;fusible 2A, gris, 32V, FKS, ATO;-UA02-FC01,FC09;michelin-roanne
EPUD1626185420;fusible 2A, gris, 32V, FKS, ATO;#VALEUR!;michelin-roanne
EPUD1667000440;fusible 4A, rose, 32V, FKS, ATO;-UA02-FC02,FC03,FC10;michelin-roanne
EPUD1626185420;fusible 2A, gris, 32V, FKS, ATO;#VALEUR!;michelin-roanne
EPHO1419933;M12 Y-Adapter 8-p. SAC-8PY-M/2XF VP SH;0;michelin-roanne
EPHO2306566;SUBCON CAN/AX;-KF02-CAN1,-KF02-CAN;michelin-roanne
EPHO2900293;PLC-Interface 24VDC/250VUC-6A 2W Zug.kl.;0;michelin-roanne
EPHO2900300;Interface PLC 24VDC/250VUC-6A 1Inv.;0;michelin-roanne
ERSC229-5935;CONTACT BILAME >35C / <20C;-BT23,-BT24;michelin-roanne
ERSC135-780;resistance, 120R 5% 0,25W;0;michelin-roanne
ESICFX0-GCAN;Passerelle CANopen module GCAN;0;michelin-roanne
ESICFX3XTIO84002;modules d'extension d'entre/sortie FX3;-KF32...-KF37, -KF41;michelin-roanne
ESICFX3MPL100001;Memory Plug FX3-MPL;0;michelin-roanne
ESICFX3CPU230000;MAINMODUL FX3-CPU2 2xEFI;0;michelin-roanne
ESICUE410-4RO;module de sortie des relais pour FX;#NOM?;michelin-roanne
ESIELZXPT370024;relais d'industrie mini 24VDC/10A/3W;#NOM?;michelin-roanne
ESIELZXPT78730;base pour relais d'industrie mini 3W;#NOM?;michelin-roanne
EWEIZDU2.5/4AN;Bornier  ressort ZDU2.5/4AN, 4 ex. 2,5m;-XG62,-XG104;michelin-roanne
EWEIZAP/TW3;Plaque de Sparation de ZDU2,5/4AN;-XG62,-XG104;michelin-roanne
EWEIKLB4-13.5/SC;Etrier de montage pour cran, KLB4-13,5;-KF30,-TF21,-KF20;michelin-roanne
EWEIEW038356;Equere final EW35;0;michelin-roanne
EWEISCHT5S;porte panneau SCHT5s;0;michelin-roanne
EWEIEW038356;Equere final EW35;0;michelin-roanne
EWEISCHT5S;porte panneau SCHT5s;0;michelin-roanne
EWEIEW038356;Equere final EW35;0;michelin-roanne
EWEISCHT5S;porte panneau SCHT5s;0;michelin-roanne
EWEIEW038356;Equere final EW35;0;michelin-roanne
EWEISCHT5S;porte panneau SCHT5s;0;michelin-roanne
EWEIEW038356;Equere final EW35;0;michelin-roanne
EATEF01218/1;querre de retenne SW200;0;michelin-roanne
EWEIZDK1.5;bornier ZDK 1,5;-XG61, XG91;michelin-roanne
EWEIZAP/TW ZDK1.5;ZAP / TW ZDK1.5 Cover;-XG61, XG91;michelin-roanne
EWEIZQV1.5/4;connecteur latral 4fois 1,4mm2;0;michelin-roanne
EWEIZQV1.5/5;connecteur latral 5fois 1,4mm2;0;michelin-roanne
EWEIZQV2.5/2;Connexion transversale 2 ex. 2,5 mm;0;michelin-roanne
EWEIZQV1.5/2;Connexion transversale 2 ex. 1,5 mm;0;michelin-roanne
EPHO1507816;resistance finale CAN M12 5ples, mascul;0;michelin-roanne
EPUD1667000525;@FKS-Cartou. fusibl.  25A blanc 80V;0;michelin-roanne
EPHO2900299;Interface PLC 24VDC/250VUC-6A 1Inv.;-KF140, KF141;michelin-roanne
ELUEMPE-3;Mounting module MPE-3;-R1, R2;michelin-roanne
ERSC135-904;resistance 4k7R 5% 0,25W;0;michelin-roanne
ERSC125-1151;resistance 2k2R 5% 0,25W;0;michelin-roanne
EYDSA_MHI_F13_V01;Unit de contrle DSA_MHI_F13_V01;0;valeo-etaples
ESIE3SU1002-2BN40;COMMUTATEUR A BLOCAG ROTATIF SA 3 POS.GN;0;valeo-etaples
ESIE3SU1400-1AA103;MODUL DE CONTACT 1O SIRIUS ACT 3SU1, FZ;0;valeo-etaples
ESIE3SU1400-3BA0;MODUL DE CONTACT 1S SIRIUS ACT 3SU1,FZ;0;valeo-etaples
ESIE3SU1401-1BB40;MODUL LED AVEC LED INTEGREE 24V VERT, FZ;0;valeo-etaples
ESIE3SU15000AA100A;SUPPORT POUR 3 MODULES;0;valeo-etaples
ESOTSC235AF2;BUZZER 2..35VDC 2,5kHz 73dB, F2 FAST-ON;0;valeo-etaples
ESIE3SU1001-0AB60;BOUTON POUSSOIR LUMINEUX BLANC;0;valeo-etaples
ESIE3SU1401-1BB60;MODUL LED AVEC LED INTEGREE 24V WH, FZ;0;valeo-etaples
ESIE3SU1001-0AB20;BOUTON POUSSOIR LUMINEUX PLAT SW - PLAST;0;valeo-etaples
ESIE3SU1401-1BB20;MODUL LED AVEC LED INTEGREE 24V ROUGE,FZ;0;valeo-etaples
ESIE3SU1400-3BA0;MODUL DE CONTACT 1S SIRIUS ACT 3SU1,FZ;-SF52, -SF56;valeo-etaples
ESIE3SU15000AA100A;SUPPORT POUR 3 MODULES;-SF52, -SF56;valeo-etaples
ESIE3SU1002-2BF10;BOUTON A BLOCAGE ROTATIF 2POS.SA2 LUM BK;0;valeo-etaples
ESIE3SU1002-2BC10;BOUTON A BLOCAGE ROTATIF 2POS.SA2 LUM BK;0;valeo-etaples
ESIE3SU1400-3BA0;MODUL DE CONTACT 1S SIRIUS ACT 3SU1,FZ;-SF53,-SF57;valeo-etaples
ESIE3SU1400-1AA103;MODUL DE CONTACT 1O SIRIUS ACT 3SU1, FZ;-SF53,-SF57;valeo-etaples
ESIE3SU15000AA100A;SUPPORT POUR 3 MODULES;-SF53,-SF57;valeo-etaples
EMOL39012041;logement de broche 4-ple crois;-X101,-X201;valeo-etaples
ESIE3SU1000-1AA10;Bouton poussoir champignon 30mm, noir;0;valeo-etaples
ESIE3SU1-HALTER-PL;SUPPORT SIRIUS ACT PLASTIQUE;0;valeo-etaples
ESIE3SU1-1NC-F;Module de contact Siriua Act 1NC;0;valeo-etaples
EMOL39012161;logement masculin 16 ples;0;valeo-etaples
EMOL39012081;logement masculin 8 ples;0;valeo-etaples
EMOL39012061;logement de broche 6-ple crois;0;valeo-etaples
EMOL39000041;CONTACT A SERTISSAGE BROCHE  1-0,25MM2;;valeo-etaples
ELEMEGG2B310CLL;Connecteur 10 ple Srie 2B;0;valeo-etaples
RS184-MHI-F13-1000;Assemblage de l'unit de contrleMHI_F13;;valeo-etaples
RS184-MHI-F13-1010;Plaque de base;;valeo-etaples
RS184-MHI-F13-1020;Plaque de connexion;;valeo-etaples
RS184-MHI-F13-1030;Angle de prise;;valeo-etaples
RS184-MHI-F13-1040;film;;valeo-etaples
ND7991M4X10VZ8.8;@N Vis DIN7991 M4 x 10 8.8 VZ;;valeo-etaples
NI7380M4X12A2;VIS ISO7380 M4 x 12 A2 INOX;;valeo-etaples
ELEMBRR2S200PZSG;couvercle  charnir p. ERA/ERN/EG BF 2S;0;valeo-etaples
EYDSA_MHI_F14_V01;Unit de contrle DSA_MHI_F14_V01;0;valeo-etaples
ESIE3SU1001-0AB60;BOUTON POUSSOIR LUMINEUX BLANC;0;valeo-etaples
ESIE3SU1401-1BB60;MODUL LED AVEC LED INTEGREE 24V WH, FZ;0;valeo-etaples
ESIE3SU1001-0AB20;BOUTON POUSSOIR LUMINEUX PLAT SW - PLAST;0;valeo-etaples
ESIE3SU1401-1BB20;MODUL LED AVEC LED INTEGREE 24V ROUGE,FZ;0;valeo-etaples
ESIE3SU1400-3BA0;MODUL DE CONTACT 1S SIRIUS ACT 3SU1,FZ;-SF52, -SF56;valeo-etaples
ESIE3SU15000AA100A;SUPPORT POUR 3 MODULES;-SF52, -SF56;valeo-etaples
ESIE3SU1002-2BC10;BOUTON A BLOCAGE ROTATIF 2POS.SA2 LUM BK;0;valeo-etaples
ESIE3SU1400-3BA0;MODUL DE CONTACT 1S SIRIUS ACT 3SU1,FZ;0;valeo-etaples
ESIE3SU1400-1AA103;MODUL DE CONTACT 1O SIRIUS ACT 3SU1, FZ;0;valeo-etaples
ESIE3SU15000AA100A;SUPPORT POUR 3 MODULES;0;valeo-etaples
EMOL39012161;logement masculin 16 ples;0;valeo-etaples
EMOL39012061;logement de broche 6-ple crois;0;valeo-etaples
EMOL39012081;logement masculin 8 ples;0;valeo-etaples
EMOL39012141;Logement des broches14 broches  2range;0;valeo-etaples
EMOL39000041;CONTACT A SERTISSAGE BROCHE  1-0,25MM2;;valeo-etaples
ELEMEGG2B310CLL;Connecteur 10 ple Srie 2B;0;valeo-etaples
ELEMBRR2S200PZSG;couvercle  charnir p. ERA/ERN/EG BF 2S;0;valeo-etaples
RS184-MHI-F14-1000;Ass. de l'unit de contrle MHI_F14_V01;;valeo-etaples
RS184-MHI-F14-1010;Plaque de base;;valeo-etaples
RS184-MHI-F14-1020;Plaque de connexion;;valeo-etaples
RS184-MHI-F14-1030;Angle de prise;;valeo-etaples
RS184-MHI-F14-1040;Film;;valeo-etaples
ND7991M4X10VZ8.8;@N Vis DIN7991 M4 x 10 8.8 VZ;;valeo-etaples
NI7380M4X12A2;VIS ISO7380 M4 x 12 A2 INOX;;valeo-etaples
ERSC790-3779;Cble DVI 3m;0;valeo-etaples
EWALP0000089;Terminal AGV avec interface VT100;0;valeo-etaples
EGRE500510S03;DM2-2400/500 bi-bande antenne dme;-TF02, -TF03;valeo-etaples
ESICS30B3011DA;S300 PROF. Lo. Ra., 8xTFS (R=3m), 270;0;valeo-etaples
ESICSX0BA0000J;S300 Connecteur systme pour Prof.;;valeo-etaples
ELAP53112610;raccord SKINTOP ST-M12x1,5 EMV;;valeo-etaples
ELAP53112620;raccord SKINTOP ST-M16x1,5 EMV;;valeo-etaples
ESIC2034324;fixation 1a pour scanner  laser S300;;valeo-etaples
ESIC2039302;fixation 2 pour scanner  laser S300;;valeo-etaples
ERSC516-7833;limiteur de courant NTC 5R-5A;-RA05, -RA06;valeo-etaples
ESIE3SU1000-1HB20;BOUTON ARRET D'URGENCE SIRIUS ACT 40mm P;#NOM?;valeo-etaples
ESIE3SU1-HALTER-PL;SUPPORT SIRIUS ACT PLASTIQUE;;valeo-etaples
ESIE3SU1-1NC-F-SAF;CONTACT SIRIUS ACT 1NC SECURITE RESSORT;;valeo-etaples
EKLMEGE1M;plaque pour bouton jaune;;valeo-etaples
EJOK121014000;LED jaune 24V;#NOM?;valeo-etaples
ERSC530-5990;BUZZER 32-Ton, 97dB, 9-28 Vdc;0;valeo-etaples
EPAPPMFA80T;ventilateur 8414 24VDC 58m?/h;;valeo-etaples
ELAPANB-M25X1.5-KS;Mont.du raccord  vis SKINTOP ST-M25x1.5;;valeo-etaples
ELAPANB-M16X1.5-KS;Montage du raccord  vis  SKINTOP ST PG9;;valeo-etaples
ESYLMBOX2/32GB;MBOX - ONBOARD COMPUTER, E680T;0;fresenius-arbresles
EYKAB60400104MP040;Fresenius MC L'ARBRESL Kabelbaum SALLY;;fresenius-arbresles
EMRSMBOXIO;Embedded Computer;0;fresenius-arbresles
EYMBOXGO-48V01;Embedded Computer;#NOM?;fresenius-arbresles
EMRSM3LB224V;Contrle M3 LB2 24V / 75V-30A 1W;;fresenius-arbresles
ESICFX3CPU230000;module principal FX3-CPU2 2xEFI;0;fresenius-arbresles
ESICFX3MPL100001;Memory Plug FX3-MPL;;fresenius-arbresles
ESICFX3MOC00000;Motion-Control-Modul FX3-MOC0;0;fresenius-arbresles
ESICS30B2011GB;SCANNER A LASER S300 STANDARD 2M;0;fresenius-arbresles
ESICSX0BA0000J;S300 Connecteur systme pour Prof.;;fresenius-arbresles
ESIC2034324;fixation 1a pour scanner  laser S300;;fresenius-arbresles
EBUS15600-04-20;ATC Porte fusible 4polig 150A/30A;;fresenius-arbresles
EPUD14261854406;fusible 4A rose 58V;;fresenius-arbresles
EPUD1667000515;FKS-Cartou. fusibl.  15A bleu clair 80V;;fresenius-arbresles
EPUD1667000510;fusible 10A rouge 80V;;fresenius-arbresles
EPUD1667000520;@fusible 20A, jaune, 80V, FKS, ATO;;fresenius-arbresles
EMEASD150C24;convertisseur DC/DC 36..72V/24V 6.3A;0;fresenius-arbresles
EWEI1220050000;RELAIS DRH275024LT 1/1S 16A;;fresenius-arbresles
EWEI1220250000;coupleur de relais RS30 1 (6A) 48VDC;;fresenius-arbresles
EATE1632.008.000;Contacteur SW80/24DC FM100% 1G/1O;#NOM?;fresenius-arbresles
EWEIZDU2.5/4AN;Bornier  ressort ZDU2.5/4AN, 4 ex. 2,5m;;fresenius-arbresles
EWEIZAP/TW3;Plaque de Sparation de ZDU2,5/4AN;;fresenius-arbresles
EWEIEW038356;Equere final EW35;;fresenius-arbresles
ESUNRS422-232;convertisseur double RS422 sur RS232;0;fresenius-arbresles
ECOR994000-62;MH HI-SPEED USB 3D SOUND ADAPTER;0;fresenius-arbresles
EYAV2;Amplificateur audio version 2;0;fresenius-arbresles
ERSC876-5294;Haut-parleur 12 W / 8 Ohm;0;fresenius-arbresles
ELIN31853;BelkinOmniView Kabelkit 1.8m PS/2;;fresenius-arbresles
ECOR993797-62;AUDIO cble 3.5mm prise jack, 1m;;fresenius-arbresles
EGOTHG84300ZB;gyroscope;0;fresenius-arbresles
EGOTHG76343ZA;module radio WIFI 2,4GHZ+contact  ferme;0;fresenius-arbresles
EGRE500510S03;DM2-2400/500 bi-bande antenne dme;0;fresenius-arbresles
EPHO2891001;ALIMENTATION TRIO 100-240VAC / 24VDC 2,5;0;fresenius-arbresles
EAMHMRJR578001;Connecteur RJ45  coupleur modulaire;;fresenius-arbresles
EPHO1551671;douille murale M12 connecteur/prise 5p.;;fresenius-arbresles
EMUR7K134610000000;Rsistance de terminaison M12 CAN/Device;;fresenius-arbresles
EPULSTRVA9672453;Bande LED RGB 24VDC,21W/m,700lm/m,3m;;fresenius-arbresles
EPAP8414NGH;ventilateur 8414 24VDC 58m?/h;0;fresenius-arbresles
ERSC229-5935;CONTACT BILAME >35C / <20C;0;fresenius-arbresles
ELYNLKPK004;Cble DVI-I 24+5 F/F pour mont en faade;;fresenius-arbresles
EXXXLANPATCH1M;1m cble LAN Cat5;;fresenius-arbresles
EXXXLANPATCH2M;Cble patch de 2m pour LAN cat.5;;fresenius-arbresles
EYDSA_MHI_F10_V03;Unit de contrle DSA_MHI_F10_V03;;fresenius-arbresles
ELEMEGG2B310CLL;Connecteur 10 ple Srie 2B;0;fresenius-arbresles
ELEMBRR2S200PZVG;couvercle  charnir p. ERA/ERN/EG BF 2S;zu -X106;fresenius-arbresles
EAMHMRJR588XX1;RJ45 DOUILLE POUR ARMOIRE D COMMANDE 90;#NOM?;fresenius-arbresles
ESIE3SB2000-4LB01;verrouil 2pos de comm. verrouillage 16mm;SF01;fresenius-arbresles
ESIE3SB2908-0AA;Support pour 2 lments de comm. 16mm;zu SF01;fresenius-arbresles
ESIE3SB2404-0B;lment de commutation 1S, 16mm, avec FS;zu SF01;fresenius-arbresles
ESIE3SB2404-0C;lment de commutation 1NC, 16mm,avec FS;zu SF01;fresenius-arbresles
EBUGMPI002TEGN24;Bouton poussoir lum. rond 22mm LED vert;SF51;fresenius-arbresles
EBUGMPI002TERD24;Bouton lumineux rond 22mm LED rouge;SF52;fresenius-arbresles
EBUGMPI002TEWH24;Bouton lumineux rond 22mm LED blanc;SF50;fresenius-arbresles
EBUGMPI00451E1GN01;Bouton lumineux rond 16mm LED verte;SF53;fresenius-arbresles
ERSC707-8855;Rsistance au carbone 2W_560-Ohm;R52,R53;fresenius-arbresles
ERSC135-358;2W-Carbon Resistor_1500Ohm 5%;;fresenius-arbresles
ESIE3SB2203-1AC01;Bouton poussoir champ EMERG STOP rouge;SF10;fresenius-arbresles
EGSE1N4007;MiniDiode 1A/1000V;;fresenius-arbresles
ESIE3SB2404-0C;lment de commutation 1NC, 16mm,avec FS;zu SF10;fresenius-arbresles
EMOL39012081;culot a broches male 8 pole;X102,X103;fresenius-arbresles
EMOL39012101;culot a broches male 10 pole;X104,X105;fresenius-arbresles
EMOL39012041;logement de broche 4-ple crois;X107;fresenius-arbresles
EMOL39000041;CONTACT A SERTISSAGE BROCHE  1-0,25MM2;;fresenius-arbresles
RS184-MHI-F10-1001;Assemblage d l'unit de contrle MHI_F09;;fresenius-arbresles
RS184-MHI-F10-1010;Plaque de base;;fresenius-arbresles
RS184-MHI-F10-1021;Angle de prise;;fresenius-arbresles
RS184-MHI-F10-1030;film;;fresenius-arbresles
ND912M5X8VZ8.8;@N Vis DIN912 M5 x 8 8.8 ZINGUEE;;fresenius-arbresles
NI7380M3X6A2;SCREW ISO7380 M3 x 8 A2 STAINLESS STEEL;;fresenius-arbresles
ND933M5X12VZ8.8;@N Vis DIN933 M5 x 12 8.8 ZINGUEE;;fresenius-arbresles
ND934M4VZ8;@N rainure DIN934 M4 8 VZ;;fresenius-arbresles
ND125-4.3VZ-A;@N Rondelle DIN125 4.3 VZ FORM-A;;fresenius-arbresles
ND125-5.3VZ-A;@N Rondelle DIN125 5.3 VZ FORM-A;;fresenius-arbresles
NSCH-M4VZ;Rondelle de blocage @N (Schnorr) S4;;fresenius-arbresles
NSCH-M5VZ;Rondelle de blocage @N (Schnorr) S5;;fresenius-arbresles
ESICFX0-GCAN;Passerelle CANopen module GCAN;0;fresenius-arbresles
ESICFX3XTIO84002;modules d'extension d'entre/sortie FX3;-KF33, -KF34;fresenius-arbresles
EYMFA1;LED RGB MODUL V1;0;fresenius-arbresles
EATE1004868;CFI1 CAN Module d'antiparasite V2;0;fresenius-arbresles
EPHO2900300;Interface PLC 24VDC/250VUC-6A 1Inv.;;fresenius-arbresles
EPHO2900301;Interface PLC 24VDC/250VUC-6A 1Inv.;;fresenius-arbresles
EATEC19506;Borne a Boulon D8 H13 ZP;;fresenius-arbresles
EYSDA4;9-ples Sub-D quadruple distributeur PCB;0;fresenius-arbresles
EWEIEW038356;Equere final EW35;;fresenius-arbresles
ESIC2039302;fixation 2 pour scanner  laser S300;;fresenius-arbresles
EWEIKLB_3-8SC;triers de serrage, KLB3-8/SC;;fresenius-arbresles
EWEIZQV2.5/2;Connexion transversale 2 ex. 2,5 mm;;fresenius-arbresles
EPUD1667000430;fusibile 3A violet 80V;"-F11; -F101";fresenius-arbresles
EPUD1667000450;fusibile 5A light brun clair 80V;"-F1; -F103; -F102";fresenius-arbresles
ERSC769-1868;16 Ohm 3W - Rsistance NTC;;fresenius-arbresles
ESYLMBOX2/32GB;MBOX - ONBOARD COMPUTER, E680T;0;michelin-bkr
EYKAB60414304MP040;Michelin Bad Kreuznach SALLY KAB Rahmen;;michelin-bkr
EMRSMBOXIO;Embedded Computer;0;michelin-bkr
EYMBOXGO-48V01;Embedded Computer;#NOM?;michelin-bkr
EMRSM3LB224V;Contrle M3 LB2 24V / 75V-30A 1W;;michelin-bkr
ESICFX3CPU230000;module principal FX3-CPU2 2xEFI;0;michelin-bkr
ESICFX3MPL100001;Memory Plug FX3-MPL;;michelin-bkr
ESICFX3MOC00000;Motion-Control-Modul FX3-MOC0;0;michelin-bkr
ESICS30B2011GB;SCANNER A LASER S300 STANDARD 2M;0;michelin-bkr
ESICSX0BA0000J;S300 Connecteur systme pour Prof.;;michelin-bkr
ESIC2034324;fixation 1a pour scanner  laser S300;;michelin-bkr
EBUS15600-04-20;ATC Porte fusible 4polig 150A/30A;;michelin-bkr
EPUD14261854406;fusible 4A rose 58V;;michelin-bkr
EPUD1667000515;FKS-Cartou. fusibl.  15A bleu clair 80V;;michelin-bkr
EPUD1667000510;fusible 10A rouge 80V;;michelin-bkr
EPUD1667000520;@fusible 20A, jaune, 80V, FKS, ATO;;michelin-bkr
EMEASD150C24;convertisseur DC/DC 36..72V/24V 6.3A;0;michelin-bkr
EWEI1220050000;RELAIS DRH275024LT 1/1S 16A;;michelin-bkr
EWEI1220250000;coupleur de relais RS30 1 (6A) 48VDC;;michelin-bkr
EATE1632.008.000;Contacteur SW80/24DC FM100% 1G/1O;#NOM?;michelin-bkr
EWEIZDU2.5/4AN;Bornier  ressort ZDU2.5/4AN, 4 ex. 2,5m;;michelin-bkr
EWEIZAP/TW3;Plaque de Sparation de ZDU2,5/4AN;;michelin-bkr
EWEIEW038356;Equere final EW35;;michelin-bkr
ESUNRS422-232;convertisseur double RS422 sur RS232;0;michelin-bkr
ECOR994000-62;MH HI-SPEED USB 3D SOUND ADAPTER;0;michelin-bkr
EYAV2;Amplificateur audio version 2;0;michelin-bkr
ERSC876-5294;Haut-parleur 12 W / 8 Ohm;0;michelin-bkr
ELIN31853;BelkinOmniView Kabelkit 1.8m PS/2;;michelin-bkr
ECOR993797-62;AUDIO cble 3.5mm prise jack, 1m;;michelin-bkr
EGOTHG84300ZB;gyroscope;0;michelin-bkr
EGOTHG76343ZA;module radio WIFI 2,4GHZ+contact  ferme;0;michelin-bkr
EGRE500510S03;DM2-2400/500 bi-bande antenne dme;0;michelin-bkr
EPHO2891001;ALIMENTATION TRIO 100-240VAC / 24VDC 2,5;0;michelin-bkr
EAMHMRJR578001;Connecteur RJ45  coupleur modulaire;;michelin-bkr
EPHO1551671;douille murale M12 connecteur/prise 5p.;;michelin-bkr
EMUR7K134610000000;Rsistance de terminaison M12 CAN/Device;;michelin-bkr
EPULSTRVA9672453;Bande LED RGB 24VDC,21W/m,700lm/m,3m;;michelin-bkr
EPAP8414NGH;ventilateur 8414 24VDC 58m?/h;0;michelin-bkr
ERSC229-5935;CONTACT BILAME >35C / <20C;0;michelin-bkr
EXXX_ERDUNDSBAND;FLEXERBA Ruban Antistatique 50cm;;michelin-bkr
ELYNLKPK004;Cble DVI-I 24+5 F/F pour mont en faade;;michelin-bkr
EXXXLANPATCH1M;1m cble LAN Cat5;;michelin-bkr
EXXXLANPATCH2M;Cble patch de 2m pour LAN cat.5;;michelin-bkr
EYDSA_MHI_F10_V03;Unit de contrle DSA_MHI_F10_V03;;michelin-bkr
ELEMEGG2B310CLL;Connecteur 10 ple Srie 2B;0;michelin-bkr
ELEMBRR2S200PZVG;couvercle  charnir p. ERA/ERN/EG BF 2S;zu -X106;michelin-bkr
EAMHMRJR588XX1;RJ45 DOUILLE POUR ARMOIRE D COMMANDE 90;#NOM?;michelin-bkr
ESIE3SB2000-4LB01;verrouil 2pos de comm. verrouillage 16mm;SF01;michelin-bkr
ESIE3SB2908-0AA;Support pour 2 lments de comm. 16mm;zu SF01;michelin-bkr
ESIE3SB2404-0B;lment de commutation 1S, 16mm, avec FS;zu SF01;michelin-bkr
ESIE3SB2404-0C;lment de commutation 1NC, 16mm,avec FS;zu SF01;michelin-bkr
EBUGMPI002TEGN24;Bouton poussoir lum. rond 22mm LED vert;SF51;michelin-bkr
EBUGMPI002TERD24;Bouton lumineux rond 22mm LED rouge;SF52;michelin-bkr
EBUGMPI002TEWH24;Bouton lumineux rond 22mm LED blanc;SF50;michelin-bkr
EBUGMPI00451E1GN01;Bouton lumineux rond 16mm LED verte;SF53;michelin-bkr
ERSC707-8855;Rsistance au carbone 2W_560-Ohm;R52,R53;michelin-bkr
ERSC135-358;2W-Carbon Resistor_1500Ohm 5%;;michelin-bkr
ESIE3SB2203-1AC01;Bouton poussoir champ EMERG STOP rouge;SF10;michelin-bkr
EGSE1N4007;MiniDiode 1A/1000V;;michelin-bkr
ESIE3SB2404-0C;lment de commutation 1NC, 16mm,avec FS;zu SF10;michelin-bkr
EMOL39012081;culot a broches male 8 pole;X102,X103;michelin-bkr
EMOL39012101;culot a broches male 10 pole;X104,X105;michelin-bkr
EMOL39012041;logement de broche 4-ple crois;X107;michelin-bkr
EMOL39000041;CONTACT A SERTISSAGE BROCHE  1-0,25MM2;;michelin-bkr
RS184-MHI-F10-1001;Assemblage d l'unit de contrle MHI_F09;;michelin-bkr
RS184-MHI-F10-1010;Plaque de base;;michelin-bkr
RS184-MHI-F10-1021;Angle de prise;;michelin-bkr
RS184-MHI-F10-1030;film;;michelin-bkr
ND912M5X8VZ8.8;@N Vis DIN912 M5 x 8 8.8 ZINGUEE;;michelin-bkr
NI7380M3X6A2;SCREW ISO7380 M3 x 8 A2 STAINLESS STEEL;;michelin-bkr
ND933M5X12VZ8.8;@N Vis DIN933 M5 x 12 8.8 ZINGUEE;;michelin-bkr
ND934M4VZ8;@N rainure DIN934 M4 8 VZ;;michelin-bkr
ND125-4.3VZ-A;@N Rondelle DIN125 4.3 VZ FORM-A;;michelin-bkr
ND125-5.3VZ-A;@N Rondelle DIN125 5.3 VZ FORM-A;;michelin-bkr
NSCH-M4VZ;Rondelle de blocage @N (Schnorr) S4;;michelin-bkr
NSCH-M5VZ;Rondelle de blocage @N (Schnorr) S5;;michelin-bkr
ESICFX0-GCAN;Passerelle CANopen module GCAN;0;michelin-bkr
ESICFX3XTIO84002;modules d'extension d'entre/sortie FX3;-KF33, -KF34;michelin-bkr
EYMFA1;LED RGB MODUL V1;0;michelin-bkr
EATE1004868;CFI1 CAN Module d'antiparasite V2;0;michelin-bkr
EPHO2900300;Interface PLC 24VDC/250VUC-6A 1Inv.;;michelin-bkr
EPHO2900301;Interface PLC 24VDC/250VUC-6A 1Inv.;;michelin-bkr
EATEC19506;Borne a Boulon D8 H13 ZP;;michelin-bkr
EYSDA4;9-ples Sub-D quadruple distributeur PCB;0;michelin-bkr
EWEIEW038356;Equere final EW35;;michelin-bkr
ESIC2039302;fixation 2 pour scanner  laser S300;;michelin-bkr
EWEIKLB_3-8SC;triers de serrage, KLB3-8/SC;;michelin-bkr
EWEIZQV2.5/2;Connexion transversale 2 ex. 2,5 mm;;michelin-bkr
EPUD1667000430;fusibile 3A violet 80V;"-F11; -F101";michelin-bkr
EPUD1667000450;fusibile 5A light brun clair 80V;"-F1; -F103; -F102";michelin-bkr
ERSC769-1868;16 Ohm 3W - Rsistance NTC;0;michelin-bkr
EPHO2966472;Interface PLC 24VDC/250VUC-6A 1Inv.;;michelin-bkr
EYKAB60427104;Harnais Cadre CAREY SPIN DIJON;Kabelbaum;chu-dijon
EYMBOXGO-24V02;MBOX ON/OFF/SLEEP-CONTROLLER 24/48VDC;0;chu-dijon
ESYLMBOX2/32GB;MBOX - ONBOARD COMPUTER, E680T;0;chu-dijon
EMRSMBOXIOV2-HM;MBOX - I/O-EXTENSION CAN-BUS 24VDC;0;chu-dijon
EYBATMONV3.1;Moniteur de batterie 24V 200A V3.1;0;chu-dijon
EEAZSHUNT200/60/A;Shunt de mesure 200A/60mV;0;chu-dijon
EATEC19506;Borne a Boulon D8 H13 ZP;0;chu-dijon
EATE1632.008.000;Contacteur SW80/24DC FM100% 1G/1O;0;chu-dijon
EATE1632.012.000;combinaison de contacteurs 2xSW80/24VDC;-QA01,-QA02;chu-dijon
ESICFX3CPU230000;module principal FX3-CPU2 2xEFI;0;chu-dijon
ESICFX3MPL100001;Memory Plug FX3-MPL;0;chu-dijon
ESICFX0-GCAN;Passerelle CANopen module GCAN;0;chu-dijon
ESICFX3MOC00000;Motion-Control-Modul FX3-MOC0;0;chu-dijon
ESICFX3XTIO84002;modules d'extension d'entre/sortie FX3;-KF33,-KF34,;chu-dijon
ESICUE410-2RO4;Module de Sortie avec Relais pour FX;0;chu-dijon
EMEASD150B24;Convertisseur DC/DC18-36/24V 6,3A 77%eff;0;chu-dijon
EGOTHG84300ZC;Gyroscope avec configuration DSA;0;chu-dijon
EGOTHG76344ZA;WLAN modem radio 2,4/5GHZ,2xLan,RS232,CO;0;chu-dijon
EGRE500510S03;DM2-2400/500 bi-bande antenne dme;-TF10,TF11;chu-dijon
EBUS15600-04-20;ATC Porte fusible 4polig 150A/30A;-UA01,-FC10 bis FC13;chu-dijon
EXXXKFZ-SICH15A;@F Vehicle_Fuse MINI/FK1 125V 15A;0;chu-dijon
ESICS30B2011GB;SCANNER A LASER S300 STANDARD 2M;-BG01,-BG03;chu-dijon
ESICSX0BA0000J;S300 Connecteur systme pour Prof.;-BG01,-BG03;chu-dijon
EKLMQ25PV;Arrt d'urgence,  accrochage 16mm;0;chu-dijon
EKLME01;lment de contact 1 NC;0;chu-dijon
EKLMVS;Anneau de blocage en rotation RMQ16;0;chu-dijon
EATEC19510;Porte fusible pour des fusibles lames;-FC01,-FC02,-FC20;chu-dijon
EPUD1575701550;Fusibles-lames 50A avec carter;-FC01,-FC02,-FC20;chu-dijon
EYSDA4;9-ples Sub-D quadruple distributeur PCB;0;chu-dijon
EEXI-GF6 180V;BATTERIE DRYFIT 180AH/k5;#NOM?;chu-dijon
ECOR189081;Platine-Surface-Capteur de temprature;-BT20,-BT21;chu-dijon
EZAPPM4Q7024;HF-MOS-POWER 4Q variateur 30A(70A), 24V;0;chu-dijon
EXXXLANPATCH5MUNGE;5m cble LAN Cat5;0;chu-dijon
EPHO2900300;Interface PLC 24VDC/250VUC-6A 1Inv.;QA10,QA11,QA12;chu-dijon
EZAPBLEX16524VCAN;amplificateur BL-X 130A/24V CAN-Bus;TB01,TB02;chu-dijon
EYBLM48V00;module d'extenction d'tincelle 48V V00;-RA10, -RA11;chu-dijon
EWEIZDU2.5/4AN;Bornier  ressort ZDU2.5/4AN, 4 ex. 2,5m;-XD101,XD210;chu-dijon
EWEIZAP/TW3;Plaque de Sparation de ZDU2,5/4AN;-XD101,XD210;chu-dijon
EWEIEW038356;Equere final EW35;-XD101,XD210,KF30;chu-dijon
EWEIZQV2.5/2;Connexion transversale 2 ex. 2,5 mm;0;chu-dijon
ESUNRS422-232;convertisseur double RS422 sur RS232;0;chu-dijon
EGSE1N4007;MiniDiode 1A/1000V;#NOM?;chu-dijon
ESCH12416931112;poussoir l'preuve du vandalisme inox;-SF60, -SF61;chu-dijon
EIXX104007502000;CAN Termination 120R Sub-D9 contact mle;0;chu-dijon
EYZM2BLEX;ZM2BLEX Zapi-Modul (2x BLEx od. 2x ACEx);XG01;chu-dijon
EPHO2901476;Relais_temporise 24VDC/250VUC-6A 2W;0;chu-dijon
EPHO2901477;Relais_temporise 24VDC 3-300s 1W;0;chu-dijon
EYDSA_MHI_F06_V05;Unit de contrle DSA_MHI_F06_V05;0;chu-dijon
ESOTSC235AF2;BUZZER 2..35VDC 2,5kHz 73dB, F2 FAST-ON;0;chu-dijon
ESIE3SU1000-1HB20;BOUTON ARRET D'URGENCE SIRIUS ACT 40mm P;0;chu-dijon
ESIE3SU1-1NC-F-SAF;CONTACT SIRIUS ACT 1NC SECURITE RESSORT;0;chu-dijon
ESIE3SU15000AA100A;SUPPORT POUR 3 MODULES;0;chu-dijon
ESIE3SU1001-0AB70;BOUTON-POUSSOIR LUMINEUX PLAT SW - PLAST;0;chu-dijon
ESIE3SU1400-3BA0;MODUL DE CONTACT 1S SIRIUS ACT 3SU1,FZ;0;chu-dijon
ESIE3SU1401-1BB60;MODUL LED AVEC LED INTEGREE 24V WH, FZ;0;chu-dijon
ESIE3SU15000AA100A;SUPPORT POUR 3 MODULES;0;chu-dijon
ESIE3SU1002-2BN40;COMMUTATEUR A BLOCAG ROTATIF SA 3 POS.GN;0;chu-dijon
ESIE3SU1400-1AA103;MODUL DE CONTACT 1O SIRIUS ACT 3SU1, FZ;0;chu-dijon
ESIE3SU1400-3BA0;MODUL DE CONTACT 1S SIRIUS ACT 3SU1,FZ;0;chu-dijon
ESIE3SU1401-1BB40;MODUL LED AVEC LED INTEGREE 24V VERT, FZ;0;chu-dijon
ESIE3SU15000AA100A;SUPPORT POUR 3 MODULES;0;chu-dijon
ESIE3SU1001-0AB70;BOUTON-POUSSOIR LUMINEUX PLAT SW - PLAST;0;chu-dijon
ESIE3SU1400-3BA0;MODUL DE CONTACT 1S SIRIUS ACT 3SU1,FZ;0;chu-dijon
ESIE3SU1401-1BB20;MODUL LED AVEC LED INTEGREE 24V ROUGE,FZ;0;chu-dijon
ESIE3SU15000AA100A;SUPPORT POUR 3 MODULES;0;chu-dijon
ESIE3SU1000-0AB10;Bouton poussoir SA plat SW - plastique;0;chu-dijon
ESIE3SU1400-3BA0;MODUL DE CONTACT 1S SIRIUS ACT 3SU1,FZ;0;chu-dijon
ESIE3SU1400-1AA103;MODUL DE CONTACT 1O SIRIUS ACT 3SU1, FZ;0;chu-dijon
ESIE3SU15000AA100A;SUPPORT POUR 3 MODULES;0;chu-dijon
ESIE3SU1002-2BF60;Interr.  bascule 2 pos. claires blanc;0;chu-dijon
ESIE3SU1400-3BA0;MODUL DE CONTACT 1S SIRIUS ACT 3SU1,FZ;0;chu-dijon
ESIE3SU1400-1AA103;MODUL DE CONTACT 1O SIRIUS ACT 3SU1, FZ;0;chu-dijon
ESIE3SU15000AA100A;SUPPORT POUR 3 MODULES;0;chu-dijon
EMOL39012061;logement de broche 6-ple crois;0;chu-dijon
EMOL39000041;CONTACT A SERTISSAGE BROCHE  1-0,25MM2;0;chu-dijon
EMOL39012101;logement masculin 10 ples;-X21, -X22;chu-dijon
EMOL39000041;CONTACT A SERTISSAGE BROCHE  1-0,25MM2;-X21, -X22;chu-dijon
EMOL39012121;logement masculin 10 ples;0;chu-dijon
EMOL39000041;CONTACT A SERTISSAGE BROCHE  1-0,25MM2;0;chu-dijon
EMOL39012041;logement de broche 4-ple crois;-X24,-X26,-X28,-X31;chu-dijon
EMOL39000041;CONTACT A SERTISSAGE BROCHE  1-0,25MM2;-X24,-X26,-X28,-X31;chu-dijon
EMOL39012081;logement masculin 8 ples;0;chu-dijon
EMOL39000041;CONTACT A SERTISSAGE BROCHE  1-0,25MM2;0;chu-dijon
EMOL39012021;logement masculin 2 ples double range;-X29, -X30;chu-dijon
EMOL39000041;CONTACT A SERTISSAGE BROCHE  1-0,25MM2;-X29, -X30;chu-dijon
ELEMEGG2B310CLL;Connecteur 10 ple Srie 2B;0;chu-dijon
ELEMBRR2S200PZVG;couvercle  charnir p. ERA/ERN/EG BF 2S;0;chu-dijon
ERSC210-967;LED VERTE, 24V, 5MM, CHROMEE;0;chu-dijon
EPHO1682540;SAC M8-sealing cap;0;chu-dijon
EPHO1500363;Built in connector M8;0;chu-dijon
EPHO1504071;counter nut;zu X32 Gegenmutter;chu-dijon
RS184-MHI-F06-1004;Assembl. de l'unit de contr MHI_F06_V05;;chu-dijon
RS184-MHI-F06-1014;Plaque de base;;chu-dijon
RS184-MHI-F06-1024;Plaque de connexion;;chu-dijon
RS184-MHI-F06-1034;Angle de prise;;chu-dijon
RS184-MHI-F06-1044;Film;;chu-dijon
ND7991M4X10VZ8.8;@N Vis DIN7991 M4 x 10 8.8 VZ;;chu-dijon
NI7380M4X12A2;VIS ISO7380 M4 x 12 A2 INOX;;chu-dijon
ND439M8VZ04;crou DIN439 M8 04 VZ;;chu-dijon
EWEIKLB_3-8SC;triers de serrage, KLB3-8/SC;;chu-dijon
EEAT121374;Panneau d'arrt d'urgence 60mm autocoll.;zu SF51;chu-dijon
EPAP8414N;ventilateur 8114 48VDC 69m?/h;;chu-dijon
EYKAB60459104;Harnais de cblage PSA Poissy;Cblage;psa-poissy
EINVLIO24V/120AH;Batterie lithium-ion 24V 120 Ah;GB10;psa-poissy
EATEC19506;Borne a Boulon D8 H13 ZP;XD01;psa-poissy
EWEIEW038356;Equere final EW35;;psa-poissy
EYMPD2;MPD2 (Motion Power Distributor);AZ01;psa-poissy
ESIE6ES75121SK01;ET200SP CPU 1512SP F - 1PN;KF01;psa-poissy
ESIE6ES71936AR00;ET200SP BUSADAPTER 2xRJ45;KF01 zu;psa-poissy
ESIE6ES79548LE03;CARTE MMOIRE SIMATIC 12MB POUR S7-1XXX;KF01 zu;psa-poissy
ESIE6ES71366BA00;ET200SP F-DI HF 8x;KF02 - U1;psa-poissy
ESIE6ES71936BP00;ET200SP BASEUNIT SANS AUX NOUVEAU GR-POT;KF02 - U1 zu;psa-poissy
ESIE6ES71366DB00;ET200SP F-DQ 4x;KF03 - U1;psa-poissy
ESIE6ES71936BP00;ET200SP BASEUNIT SANS AUX NOUVEAU GR-POT;KF03 - U1 zu;psa-poissy
ESIE6ES71316BF01;ET200SP DI 8x STANDARD;KF04 - U1;psa-poissy
ESIE6ES71936BP20D;EET200SP BASEUNIT AVEC AUX NOUVEAU GR-PO;KF04 - U1 zu;psa-poissy
ESIE6ES71316BF01;ET200SP DI 8x STANDARD;KF04 - U3;psa-poissy
ESIE6ES71936BP20B;ET200SP BASEUNIT AVEC AUX;KF04 - U3 zu;psa-poissy
ESIE6ES71316BF01;ET200SP DI 8x STANDARD;KF04 - U4;psa-poissy
ESIE6ES71936BP20B;ET200SP BASEUNIT AVEC AUX;KF04 - U4 zu;psa-poissy
ESIE6ES71346HD01;ET200SP AI 4x U/I 2-4 WIRE ST;KF05 - U1;psa-poissy
ESIE6ES71936BP20B;ET200SP BASEUNIT AVEC AUX;KF05 - U1 zu;psa-poissy
ESIE6ES71326BF01;ET200SP DQ 8x ST;KF06 - U1;psa-poissy
ESIE6ES71936BP20D;EET200SP BASEUNIT AVEC AUX NOUVEAU GR-PO;KF06 - U1 zu;psa-poissy
ESIE6ES71326BF01;ET200SP DQ 8x ST;KF06 - U2;psa-poissy
ESIE6ES71936BP20B;ET200SP BASEUNIT AVEC AUX;KF06 - U2 zu;psa-poissy
ESIE6AV21232DB0301;"SIMATIC HMI KTP400 BASIC 4,3"" TFT WS";PH01 / Touchterminal;psa-poissy
EGOTHG76344ZA;WLAN modem radio 2,4/5GHZ,2xLan,RS232,CO;TF01;psa-poissy
EGRE500510S03;DM2-2400/500 bi-bande antenne dme;TF10, TF11;psa-poissy
ESIE3SU1050-1HB20;Bouton d'arrt d'urgence Sirius 40mm mt;SF01 bis SF04;psa-poissy
ESIE3SU1-1NC-F-SAF;CONTACT SIRIUS ACT 1NC SECURITE RESSORT;zu SF01 bis SF04;psa-poissy
ESIE3SU1-HALTER-ME;support Sirius, triple mtal;zu SF01 bis SF04;psa-poissy
ESIE3SU1900-0BB31;Panneau d'arrt d'urgence, 75mm;zu SF01 bis SF04;psa-poissy
EYBL3V2;CLIGNOTANT LED;Clignotant;psa-poissy
EYDSA_MHI_M01_V03;Unit de contrle DSA_MHI_M01_V03;UZ01/Unit de contrle;psa-poissy
RS184-MHI-M01-1001;Ass.de l'unit de contrle MHI_M01_V02;Mech. Parts;psa-poissy
RS184-MHI-M01-1010;Plaque de base;;psa-poissy
RS184-MHI-M01-1030;Angle de prise;;psa-poissy
RS184-MHI-M01-1041;Film;;psa-poissy
RS184-MHI-M01-1050;Plaque de connecteur;;psa-poissy
ND912M4X10VZ8.8;@N Vis DIN912 M4 x 10 8.8 VZ;;psa-poissy
NI7380M4X12A2;VIS ISO7380 M4 x 12 A2 INOX;;psa-poissy
ND125-4.3VZ-A;@N Rondelle DIN125 4.3 VZ FORM-A;;psa-poissy
NSCH-M4VZ;Rondelle de blocage @N (Schnorr) S4;;psa-poissy
ESOTSC235AF2;BUZZER 2..35VDC 2,5kHz 73dB, F2 FAST-ON;PJ01;psa-poissy
ESIE3SU1002-2BN40;COMMUTATEUR A BLOCAG ROTATIF SA 3 POS.GN;SF51;psa-poissy
ESIE3SU15000AA100A;SUPPORT POUR 3 MODULES;;psa-poissy
ESIE3SU1-1NC-F;Module de contact Siriua Act 1NC;;psa-poissy
ESIE3SU1-1NO-F;MODUL DE CONTACT SIRIUS ACT 1NO;;psa-poissy
ESIE3SU1-LED24F-GN;Module LED avec LED intgre 6-24V vert;;psa-poissy
ESIE3SU1001-0AB70;BOUTON-POUSSOIR LUMINEUX PLAT SW - PLAST;SF52;psa-poissy
ESIE3SU15000AA100A;SUPPORT POUR 3 MODULES;;psa-poissy
ESIE3SU1-1NO-F;MODUL DE CONTACT SIRIUS ACT 1NO;;psa-poissy
ESIE3SU1-LED24F-WH;Sirius Act LED 6...24V BLANC;;psa-poissy
ESIE3SU1002-2BF60;Interr.  bascule 2 pos. claires blanc;SF54;psa-poissy
ESIE3SU15000AA100A;SUPPORT POUR 3 MODULES;;psa-poissy
ESIE3SU1-1NO-F;MODUL DE CONTACT SIRIUS ACT 1NO;;psa-poissy
ESIE3SU1-1NC-F;Module de contact Siriua Act 1NC;;psa-poissy
ESIE3SU1000-1AA10;Bouton poussoir champignon 30mm, noir;SF57;psa-poissy
ESIE3SU15000AA100A;SUPPORT POUR 3 MODULES;;psa-poissy
ESIE3SU1-1NC-F;Module de contact Siriua Act 1NC;;psa-poissy
ESIE3SU1001-0AB30;Bouton lumineux SA plat JAUNE-plastique;SF58;psa-poissy
ESIE3SU15000AA100A;SUPPORT POUR 3 MODULES;;psa-poissy
ESIE3SU1-1NO-F;MODUL DE CONTACT SIRIUS ACT 1NO;;psa-poissy
ESIE3SU1-LED24F-YE;Module LED avec LED intgre 6-24V jaune;;psa-poissy
EMOL39012081;logement masculin 8 ples;XG103;psa-poissy
EMOL39000041;CONTACT A SERTISSAGE BROCHE  1-0,25MM2;;psa-poissy
EMOL39012161;logement masculin 16 ples;XG105;psa-poissy
EMOL39000041;CONTACT A SERTISSAGE BROCHE  1-0,25MM2;;psa-poissy
ELEMEGG3B318CYM;Bote d'appareil 18 broches Sertissage;XG106;psa-poissy
ELEMBRR3S200PZVG;Couvercle  charnire avec ressort;;psa-poissy
EMOL39012201;logement masculin 20 ples;XG108;psa-poissy
EMOL39000041;CONTACT A SERTISSAGE BROCHE  1-0,25MM2;;psa-poissy
EMOL39012121;logement masculin 10 ples;XG109;psa-poissy
EMOL39000041;CONTACT A SERTISSAGE BROCHE  1-0,25MM2;;psa-poissy
EMOL39000082;Broche de contact  sertir AWG16 / 1,5mm;;psa-poissy
EMOL39012120;logement fminin 12-ples;;psa-poissy
EMOL39000039;Contact  sertir fem AWG18-24 / 1-0,25mm;;psa-poissy
EMOL39012101;logement masculin 10 ples;XG107;psa-poissy
EMOL39000041;CONTACT A SERTISSAGE BROCHE  1-0,25MM2;;psa-poissy
ERSC707-7599;0,25W Rsistance au carbone_120-Ohm;;psa-poissy
ELUEMPE-3;Plaque de montage  souder MPE-3;RA02;psa-poissy
ERSC683-2755;Rsistance 0,4W 1% 18K;zu RA02;psa-poissy
ERSC477-7928;Rsistance 0,6W 1% 1K;zu RA02;psa-poissy
EYCAN2_PN_GATEWAY;Module de passerelle 2xCAN sur PROFINET;TF21;psa-poissy
ESIC1046978;PROFINET PROFIsafe  UE4740-22H0000;TF22;psa-poissy
ESICFX3MPL100001;Memory Plug FX3-MPL;zu TF22;psa-poissy
ESIE3SU1-1NO-F;MODUL DE CONTACT SIRIUS ACT 1NO;SF51 23A/24A Contact;psa-poissy
EPHO1551671;douille murale M12 connecteur/prise 5p.;XG80/XG90;psa-poissy
EPHO1551671;douille murale M12 connecteur/prise 5p.;XG26, XG50,60,70;psa-poissy
EEAT.107413;Prise de panneau RJ45 vers la prise;XG10;psa-poissy
EDSAUSR1V1;Relais  sous-tension 1 USR1;KF10;psa-poissy
EWEIZDU2.5/4AN;Bornier  ressort ZDU2.5/4AN, 4 ex. 2,5m;XG155;psa-poissy
EWEIZQV2.5/4;Connecteur transversal quadruple 2,5 mm;zu XG155;psa-poissy
EWEIZAP/TW3;Plaque de Sparation de ZDU2,5/4AN;zu XG155;psa-poissy
ESIE6ES71936CP7201;ET200SP PLAQUE COULEUR CC72 10AUX ROUGE;KF04.U1 AUX-RD;psa-poissy
ESIE6ES71936CP0101;ET200SP COLOURSHIELD CC01 16pushIn GY/RD;KF04.U1 - GY / RD;psa-poissy
ESIE6ES71936CP7201;ET200SP PLAQUE COULEUR CC72 10AUX ROUGE;KF04.U3 AUX-RD;psa-poissy
ESIE6ES71936CP0101;ET200SP COLOURSHIELD CC01 16pushIn GY/RD;KF04.U3 - GY / RD;psa-poissy
ESIE6ES71936CP7201;ET200SP PLAQUE COULEUR CC72 10AUX ROUGE;KF04.U4 AUX-RD;psa-poissy
ESIE6ES71936CP0101;ET200SP COLOURSHIELD CC01 16pushIn GY/RD;KF04.U4 - GY / RD;psa-poissy
ESIE6ES71936CP7201;ET200SP PLAQUE COULEUR CC72 10AUX ROUGE;KF05.U1 AUX-RD;psa-poissy
ESIE6ES71936CP03;ET200SP PLAQUE COULEUR CC72 10p GY/RD/GY;KF05.U1 - GY/RD/BU;psa-poissy
ESIE6ES71936CP7301;ET200SP PLAQUE COULEUR CC73 10AUX BU;KF06.U1 AUX-BU;psa-poissy
ESIE6ES71936CP0201;ET200SP COLOUR PLAQUE CC02 16pI GY/BU;KF06.U1 - GY / BU;psa-poissy
ESIE6ES71936CP7301;ET200SP PLAQUE COULEUR CC73 10AUX BU;KF06.U2 AUX-BU;psa-poissy
ESIE6ES71936CP0201;ET200SP COLOUR PLAQUE CC02 16pI GY/BU;KF06.U2 - GY / BU;psa-poissy
ESIE6ES71936CP7201;ET200SP PLAQUE COULEUR CC72 10AUX ROUGE;KF02.U1 AUX-RD;psa-poissy
ESIE6ES71936CP0101;ET200SP COLOURSHIELD CC01 16pushIn GY/RD;KF02.U1 - GY / RD;psa-poissy
ESIE6ES71936CP7301;ET200SP PLAQUE COULEUR CC73 10AUX BU;KF03.U1 AUX-BU;psa-poissy
ESIE6ES71936CP0201;ET200SP COLOUR PLAQUE CC02 16pI GY/BU;KF03.U1 - GY / BU;psa-poissy
EWEIKLB4-13.5/SC;Etrier de montage pour cran, KLB4-13,5;Pinces  bouclier;psa-poissy
EDIS11059323;USB-Stick nano 8 GB;Cl USB pour PLC;psa-poissy
EPHO1551697;Traverse de panneau M12 ST/BU 8 p.;XG18 XG19;psa-poissy
EBAN0450000412;COUVERTURE DE POLE DROITE -;;psa-poissy
EBAN0450000512;COUVERTURE DE POLE GAUCHE +;;psa-poissy
ESYLMBOX2/32GB;MBOX - ONBOARD COMPUTER, E680T;0;aptar
EYKABSALLY_FTF_V01;harnais de cbles SALLY BASIS FTF;;aptar
EMRSMBOXIOV3;Embedded Computer;0;aptar
EYMBOXGO-48V02;Embedded Computer;#NOM?;aptar
EMRSM3LB224V;Contrle M3 LB2 24V / 75V-30A 1W;;aptar
ESICFX3CPU230000;module principal FX3-CPU2 2xEFI;0;aptar
ESICFX3MPL100001;Memory Plug FX3-MPL;;aptar
ESICFX3MOC00000;Motion-Control-Modul FX3-MOC0;0;aptar
ESICS30B2011GB;SCANNER A LASER S300 STANDARD 2M;0;aptar
ESICSX0BA0000J;S300 Connecteur systme pour Prof.;;aptar
ESIC2034324;fixation 1a pour scanner  laser S300;;aptar
EBUS15600-04-20;ATC Porte fusible 4polig 150A/30A;;aptar
EPUD14261854406;fusible 4A rose 58V;;aptar
EPUD1667000515;FKS-Cartou. fusibl.  15A bleu clair 80V;;aptar
EPUD1667000510;fusible 10A rouge 80V;;aptar
EPUD1667000520;@fusible 20A, jaune, 80V, FKS, ATO;;aptar
EMEASD150C24;convertisseur DC/DC 36..72V/24V 6.3A;0;aptar
EWEI1220050000;RELAIS DRH275024LT 1/1S 16A;;aptar
EWEI1220250000;coupleur de relais RS30 1 (6A) 48VDC;;aptar
EATE1632.008.000;Contacteur SW80/24DC FM100% 1G/1O;#NOM?;aptar
EWEIZDU2.5/4AN;Bornier  ressort ZDU2.5/4AN, 4 ex. 2,5m;;aptar
EWEIZAP/TW3;Plaque de Sparation de ZDU2,5/4AN;;aptar
EWEIEW038356;Equere final EW35;;aptar
ESUNRS422-232;convertisseur double RS422 sur RS232;0;aptar
ECOR994000-62;MH HI-SPEED USB 3D SOUND ADAPTER;0;aptar
EYAV2;Amplificateur audio version 2;0;aptar
ERSC876-5285;haut-parleur 12 W / 4Ohm;0;aptar
ELIN36700;BelkinOmniView kit de cbles 1.8m PS/2;;aptar
ECOR1967511-62;AUDIO cble 3.5mm jack, 1m;;aptar
EGOTHG84300ZC;Gyroscope avec configuration DSA;0;aptar
EGOTHG76344ZA;WLAN modem radio 2,4/5GHZ,2xLan,RS232,CO;0;aptar
EGRE500510S03;DM2-2400/500 bi-bande antenne dme;0;aptar
EAMHMRJR578001;Connecteur RJ45  coupleur modulaire;;aptar
EPHO1551671;douille murale M12 connecteur/prise 5p.;;aptar
EMUR7K134610000000;Rsistance de terminaison M12 CAN/Device;;aptar
EPULSTRVA9672453;Bande LED RGB 24VDC,21W/m,700lm/m,3m;;aptar
EPAP8414NGH;ventilateur 8414 24VDC 58m?/h;0;aptar
ERSC229-5935;CONTACT BILAME >35C / <20C;0;aptar
ELYNLKPK004;Cble DVI-I 24+5 F/F pour mont en faade;;aptar
EXXXLANPATCH1M;1m cble LAN Cat5;;aptar
EXXXLANPATCH2M;Cble patch de 2m pour LAN cat.5;;aptar
EYDSA_MHI_F10_V03;Unit de contrle DSA_MHI_F10_V03;;aptar
ELEMEGG2B310CLL;Connecteur 10 ple Srie 2B;0;aptar
ELEMBRR2S200PZVG;couvercle  charnir p. ERA/ERN/EG BF 2S;zu -X106;aptar
EAMHMRJR588XX1;RJ45 DOUILLE POUR ARMOIRE D COMMANDE 90;#NOM?;aptar
ESIE3SB2000-4LB01;verrouil 2pos de comm. verrouillage 16mm;SF01;aptar
ESIE3SB2908-0AA;Support pour 2 lments de comm. 16mm;zu SF01;aptar
ESIE3SB2404-0B;lment de commutation 1S, 16mm, avec FS;zu SF01;aptar
ESIE3SB2404-0C;lment de commutation 1NC, 16mm,avec FS;zu SF01;aptar
EBUGMPI002TEGN24;Bouton poussoir lum. rond 22mm LED vert;SF51;aptar
EBUGMPI002TERD24;Bouton lumineux rond 22mm LED rouge;SF52;aptar
EBUGMPI002TEWH24;Bouton lumineux rond 22mm LED blanc;SF50;aptar
EBUGMPI00451E1GN01;Bouton lumineux rond 16mm LED verte;SF53;aptar
ERSC707-8855;Rsistance au carbone 2W_560-Ohm;R52,R53;aptar
ERSC135-358;2W-Carbon Resistor_1500Ohm 5%;;aptar
ESIE3SB2203-1AC01;Bouton poussoir champ EMERG STOP rouge;SF10;aptar
EGSE1N4007;MiniDiode 1A/1000V;;aptar
ESIE3SB2404-0C;lment de commutation 1NC, 16mm,avec FS;zu SF10;aptar
EMOL39012081;culot a broches male 8 pole;X102,X103;aptar
EMOL39012101;culot a broches male 10 pole;X104,X105;aptar
EMOL39012041;logement de broche 4-ple crois;X107;aptar
EMOL39000041;CONTACT A SERTISSAGE BROCHE  1-0,25MM2;;aptar
RS184-MHI-F10-1001;Assemblage d l'unit de contrle MHI_F09;;aptar
RS184-MHI-F10-1010;Plaque de base;;aptar
RS184-MHI-F10-1021;Angle de prise;;aptar
RS184-MHI-F10-1030;film;;aptar
ND912M5X8VZ8.8;@N Vis DIN912 M5 x 8 8.8 ZINGUEE;;aptar
NI7380M3X6A2;SCREW ISO7380 M3 x 8 A2 STAINLESS STEEL;;aptar
ND933M5X12VZ8.8;@N Vis DIN933 M5 x 12 8.8 ZINGUEE;;aptar
ND934M4VZ8;@N rainure DIN934 M4 8 VZ;;aptar
ND125-4.3VZ-A;@N Rondelle DIN125 4.3 VZ FORM-A;;aptar
ND125-5.3VZ-A;@N Rondelle DIN125 5.3 VZ FORM-A;;aptar
NSCH-M4VZ;Rondelle de blocage @N (Schnorr) S4;;aptar
NSCH-M5VZ;Rondelle de blocage @N (Schnorr) S5;;aptar
ESICFX0-GCAN;Passerelle CANopen module GCAN;0;aptar
ESICFX3XTIO84002;modules d'extension d'entre/sortie FX3;-KF33, -KF34;aptar
EYMFA1;LED RGB MODUL V1;0;aptar
EATE1004868;CFI1 CAN Module d'antiparasite V2;0;aptar
EPHO2900300;Interface PLC 24VDC/250VUC-6A 1Inv.;KF01,KF03;aptar
EPHO2900301;Interface PLC 24VDC/250VUC-6A 1Inv.;;aptar
EATEC19506;Borne a Boulon D8 H13 ZP;;aptar
EYSDA4;9-ples Sub-D quadruple distributeur PCB;0;aptar
EWEIEW038356;Equere final EW35;;aptar
ESIC2039302;fixation 2 pour scanner  laser S300;;aptar
EWEIKLB_3-8SC;triers de serrage, KLB3-8/SC;;aptar
EWEIZQV2.5/2;Connexion transversale 2 ex. 2,5 mm;;aptar
EPUD1667000430;fusibile 3A violet 80V;"-F11; -F101";aptar
EPUD1667000450;fusibile 5A light brun clair 80V;"-F1; -F103; -F102";aptar
ERSC769-1868;16 Ohm 3W - Rsistance NTC;0;aptar
ERSC1N4001;MiniDiode 1A/50V 1N4001RLG;-V1, -V2;aptar
ERSC141-1989;RS Pro USB 2.0 USB-Hub;AA61;aptar
EXXXLANPATCH1MUNGE;1m cble LAN Cat5;;aptar
EMUR7K134610000000;Rsistance de terminaison M12 CAN/Device;;aptar
EDLK62588;Delock Isolateur USB;RF03;aptar
ELIN41780;Cble USB2.0 vers Mini-B transparent 0.2;0;aptar
EYEP300115;Yepkit USB Switchable Hub XS;zu KF40;aptar
EWEI1220260000; D-SERIES DRW / DRH, trier de fixation;;aptar
